symbol,t,utc,signal,ret24,ret7,volchg24,taker_ratio24,btc_rel24,ret72,mfe72,mae72,btc72,excess72
AAVEUSDT,1778518800000,2026-05-11T17:00:00+00:00,BREAKOUT,0.025893215576073825,0.09372993794136542,0.5629959200575032,0.8911288303263978,0.020337080190551804,-0.02543533555077282,0.005967521033065859,-0.0773821170025435,-0.0033457884582509534,-0.022089547092521866
AAVEUSDT,1781514000000,2026-06-15T09:00:00+00:00,BREAKOUT,0.1029965366661647,0.1560921717171717,0.6086026168146565,1.0628158513856214,0.08789698522441469,0.017474402730375482,0.06402730375426624,-0.013651877133105783,-0.021160801038439536,0.03863520376881502
AAVEUSDT,1782331200000,2026-06-24T20:00:00+00:00,BREAKOUT,0.07156726768377264,0.04208254653358523,1.3302878590730565,1.0323884634528762,0.0958034119379183,0.2142117525239451,0.28514108206057465,-0.010742945896971223,-0.010729321395451796,0.22494107391939688
AAVEUSDT,1783346400000,2026-07-06T14:00:00+00:00,BREAKOUT,0.04883512544802859,0.03882848901708447,0.9772436979769716,0.9578525443986357,0.061029062563882186,-0.027552328064929466,0.04015378043571127,-0.08361811191798374,0.015524099600610741,-0.04307642766554021
AAVEUSDT,1787151600000,2026-08-19T15:00:00+00:00,BREAKOUT,0.03811759445562268,0.03881431767337795,0.5339029719001831,0.9371534186519338,-0.018957033883616248,0.31366426187143315,0.3909766340045224,-0.010983094648433389,0.12363459649727049,0.19002966537416266
AAVEUSDT,1782144000000,2026-06-22T16:00:00+00:00,PRE_MOVE,0.013302875571082895,-0.013216435488092149,0.38824672194423204,1.071683431801694,0.004360588722357894,0.07293462405516515,0.12876276355920968,-0.06418246916854531,-0.08364852687272872,0.15658315092789388
AAVEUSDT,1785074400000,2026-07-26T14:00:00+00:00,PRE_MOVE,0.051756209650946516,0.0721695482431679,0.38574875099627537,1.1002019272735837,0.04381731498815866,0.022055763628797243,0.06689554723262581,-0.0011444028297961095,-0.009416082316130558,0.0314718459449278
ADAUSDT,1781481600000,2026-06-15T00:00:00+00:00,BREAKOUT,0.06826137689614953,0.10902483343428226,0.641748751676076,0.9474333726146761,0.05164464360859067,-0.08793009284543962,0.03713817586018564,-0.10704533042053521,-0.017663901060199882,-0.07026619178523974
ADAUSDT,1782910800000,2026-07-01T13:00:00+00:00,BREAKOUT,0.06810284920083398,0.0578114246386785,1.0747132221675484,1.0117338078076767,0.05530816873571531,0.16330513988288864,0.19128171763175028,-0.007807417046193921,0.052131489949229115,0.11117364993365952
ADAUSDT,1783180800000,2026-07-04T16:00:00+00:00,BREAKOUT,0.12234348075818491,0.3175994605529333,0.581754982808256,1.0750832640848271,0.10924304407696228,-0.09314227226202654,0.023029682702149445,-0.10388945752302958,0.01696790852084118,-0.11011018078286772
ADAUSDT,1784577600000,2026-07-20T20:00:00+00:00,BREAKOUT,0.018618618618618576,0.07750952986022863,1.2298693702404266,0.9797869686866646,0.005772173013736781,0.0,0.06603773584905648,-0.010023584905660465,-0.003473885410752553,0.003473885410752553
ADAUSDT,1785650400000,2026-08-02T06:00:00+00:00,BREAKOUT,0.10076605774896885,0.12394705174488574,0.5334518293910551,1.0420395239124969,0.09426168581499272,0.021948608137045023,0.06798715203426142,-0.027837259100642275,0.012070595650803595,0.009878012486241428
ADAUSDT,1787173200000,2026-08-19T21:00:00+00:00,BREAKOUT,0.098901098901099,0.050304035378662126,0.9279604186849402,0.9943119094967066,0.019783470060662722,0.17736842105263162,0.3621052631578945,-0.04368421052631577,0.10300193298136895,0.07436648807126267
ADAUSDT,1778436000000,2026-05-10T18:00:00+00:00,PRE_MOVE,0.05445180279617379,0.1436552274541103,0.25254667229646777,1.0720633185893296,0.04987628134130628,-0.07711095603628748,0.006978367062107527,-0.08932309839497565,-0.020683177591952373,-0.05642777844433511
ADAUSDT,1782770400000,2026-06-29T22:00:00+00:00,PRE_MOVE,0.029598308668076223,-0.0747308423052565,0.4752396364138691,1.0617267402604784,0.007809727686675316,0.10540725530458595,0.11362080766598215,-0.029431895961670063,0.01854077395506115,0.0868664813495248
ADAUSDT,1784077200000,2026-07-15T01:00:00+00:00,PRE_MOVE,0.038071065989847774,-0.05269253039953681,0.3327595979147582,1.0911389401402027,0.0038579125242161894,0.02261613691931541,0.034841075794621146,-0.03667481662591687,-0.011052894558943871,0.03366903147825928
ADAUSDT,1784613600000,2026-07-21T06:00:00+00:00,PRE_MOVE,0.0924317617866004,0.1089420654911839,0.8093650320703101,1.0790911555778875,0.061090393810391275,-0.05110732538330498,0.0266893810335036,-0.05621805792163559,-0.006841456677856517,-0.04426586870544846
ADAUSDT,1785427200000,2026-07-30T16:00:00+00:00,PRE_MOVE,0.04470300061236987,0.007678676904902426,0.26410424524478526,1.0577092345291166,0.02904924261304087,0.11078546307151238,0.12602579132473624,-0.024032825322391482,-0.025106081490960164,0.13589154456247254
ADAUSDT,1785693600000,2026-08-02T18:00:00+00:00,PRE_MOVE,0.1038506417736289,0.14945321992709615,0.8072948243201135,1.056075292217609,0.09087434186555177,0.005813953488372103,0.05443974630021153,-0.04016913319238902,0.022072400503754475,-0.01625844701538237
ALGOUSDT,1780092000000,2026-05-29T22:00:00+00:00,BREAKOUT,0.06820194862710371,0.06820194862710371,0.5962531314215167,0.9977055955484941,0.06823190150577951,-0.0024875621890546595,0.15671641791044788,-0.031509121061359835,-0.028182418495094952,0.025694856306040292
ALGOUSDT,1781744400000,2026-06-18T01:00:00+00:00,BREAKOUT,0.03722854188210967,0.13461538461538458,0.7306167445082103,1.0342378922182427,0.05817204661875297,-0.06281156530408771,0.03489531405782653,-0.1026919242273181,-0.0046434566163832125,-0.0581681086877045
ALGOUSDT,1784937600000,2026-07-25T00:00:00+00:00,BREAKOUT,0.06439531231122397,0.05762304921968786,0.8202878894354568,1.0166147330326143,0.0783053489376514,-0.09409761634506231,0.0010215664018162762,-0.09591373439273554,-0.009313094851490122,-0.08478452149357218
ALGOUSDT,1785686400000,2026-08-02T16:00:00+00:00,BREAKOUT,0.08056751963516606,0.014148139341338739,1.105722482081437,1.0346331724802327,0.07645463551293386,0.05650644783118408,0.09026963657678788,-0.025556858147713912,0.02332698951528389,0.03317945831590019
ALGOUSDT,1787151600000,2026-08-19T15:00:00+00:00,BREAKOUT,0.03226632522407158,0.019345049943102932,0.6418231787393927,0.8394685429905469,-0.02480830311516735,0.13669064748201443,0.30166211858099734,-0.004217315802530264,0.12363459649727049,0.013056050984743939
ALGOUSDT,1779195600000,2026-05-19T13:00:00+00:00,PRE_MOVE,0.06928838951310845,-0.07305194805194815,0.30846815511528614,1.127081110494254,0.07017119368400049,0.027145359019264514,0.04991243432574444,-0.04728546409807355,0.0053288325627456334,0.02181652645651888
ALGOUSDT,1781409600000,2026-06-14T04:00:00+00:00,PRE_MOVE,0.05402298850574727,-0.020299145299145338,0.3448182661218091,1.0504922181280278,0.04102893728574308,0.0447110141766629,0.08942202835332602,-0.02726281352235549,0.02414463452566107,0.02056637965100183
ALGOUSDT,1781769600000,2026-06-18T08:00:00+00:00,PRE_MOVE,0.03556485355648542,0.1061452513966481,0.2845513830854327,1.0500837085846781,0.04357535751858732,-0.0626262626262627,0.048484848484848575,-0.09090909090909094,-0.005935995028740093,-0.0566902675975226
ALGOUSDT,1782205200000,2026-06-23T09:00:00+00:00,PRE_MOVE,0.010055865921787754,-0.056367432150313146,0.5320181273313962,1.0601317403177928,0.037578372425746354,-0.0840707964601769,0.06858407079646023,-0.09623893805309736,-0.042355918665858194,-0.041714877794318705
ALGOUSDT,1783562400000,2026-07-09T02:00:00+00:00,PRE_MOVE,-0.003512880562061005,-0.004678362573099504,0.29723100339237263,1.0561197901585027,0.015511349279102027,-0.010575793184488869,0.029377203290246845,-0.018801410105757865,0.03717186176698717,-0.04774765495147604
ALGOUSDT,1783987200000,2026-07-14T00:00:00+00:00,PRE_MOVE,0.0,-0.05096262740656854,0.5668803779444584,1.05725200404289,0.02375167468746986,-0.015513126491646712,0.026252983293556076,-0.02863961813842486,0.021468089768668763,-0.036981216260315475
ALGOUSDT,1786068000000,2026-08-07T02:00:00+00:00,PRE_MOVE,0.01911480259415188,0.13279372707727322,0.2861123157924035,1.091231790692377,0.021920353588255725,-0.08194708049570165,0.014290499051021532,-0.08998548621190128,0.011002105034216392,-0.09294918552991804
ALGOUSDT,1786402800000,2026-08-10T23:00:00+00:00,PRE_MOVE,-0.002783829581215147,-0.08779893711248887,0.40484341729441975,1.1191214060979742,0.01152989772262436,-0.044665614759072714,0.00861755067362524,-0.0564388882145892,-0.0075477836010091615,-0.03711783115806355
APTUSDT,1781535600000,2026-06-15T15:00:00+00:00,BREAKOUT,0.09795479009687824,0.04738154613466339,0.5028323224527798,0.9762349286001049,0.04711816484998477,-0.13081232492997186,0.00042016806722688926,-0.13389355742296927,-0.07302319010832947,-0.057789134821642385
APTUSDT,1783422000000,2026-07-07T11:00:00+00:00,BREAKOUT,0.04853108261645844,0.1395307814429354,0.5207553582091715,0.9958874311681579,0.033861222510857214,-0.02136222910216723,0.008359133126934815,-0.08111455108359134,0.016038764423448537,-0.03740099352561577
APTUSDT,1787212800000,2026-08-20T08:00:00+00:00,BREAKOUT,0.07621203546500666,0.009377211606510949,0.8494203156428524,1.0317451967501785,-0.035236283242767064,0.07905346187554785,0.25328659070990356,-0.023488168273444243,0.06883536471186646,0.010218097163681383
APTUSDT,1785081600000,2026-07-26T16:00:00+00:00,PRE_MOVE,0.020843510828855383,0.05449957947855344,0.30263926688268405,1.054445180638918,0.012755434781308583,-0.11277715744137817,0.00973041952464504,-0.11341521773807628,-0.01411746522411128,-0.09865969221726689
APTUSDT,1787241600000,2026-08-20T16:00:00+00:00,PRE_MOVE,0.06468210216832038,0.039842067480258425,0.39584040333868753,1.0848343648775836,0.0007458864055120973,0.11598205039696219,0.23403520883672746,-0.02174663444943059,0.06294956864759604,0.053032481749366145
ARBUSDT,1778274000000,2026-05-08T21:00:00+00:00,BREAKOUT,0.1636219221604447,0.1757624398073836,0.5359090632459986,1.0491168010149416,0.15686520780104618,-0.03686006825938559,0.020477815699658786,-0.0552901023890785,0.019477176488773118,-0.05633724474815871
ARBUSDT,1781517600000,2026-06-15T10:00:00+00:00,BREAKOUT,0.05195429945880936,0.05640096618357493,0.7263217859858497,1.0035406029597334,0.030254813993882523,-0.03189665028009603,0.02766662855836266,-0.04572996455927747,-0.02784713294588881,-0.00404951733420722
ARBUSDT,1783569600000,2026-07-09T04:00:00+00:00,BREAKOUT,0.09669811320754707,0.06869254341164455,0.5059540072908981,1.0037228057843575,0.10222487634695243,0.1917562724014339,0.21063321385902034,-0.025328554360812383,0.024894105132296618,0.16686216726913727
ARBUSDT,1787166000000,2026-08-19T19:00:00+00:00,BREAKOUT,0.1102823654768248,0.08133350629134783,0.8370722309686804,1.0039591428471617,0.05171818148958862,0.19841650671785027,0.31585892514395386,-0.006477927063339717,0.13183858862261166,0.06657791809523861
ARBUSDT,1780336800000,2026-06-01T18:00:00+00:00,PRE_MOVE,0.016815034619189095,-0.06460418562329384,0.9758821461216654,1.0529099781993632,0.04540809356136688,-0.11867704280155644,0.009727626459143934,-0.1721789883268483,-0.10744353233030324,-0.011233510471253205
ARBUSDT,1781197200000,2026-06-11T17:00:00+00:00,PRE_MOVE,0.04105608893380497,-0.08331479421579535,0.2828498671890629,1.0508293054192765,0.014101314902212225,-0.008736803785948322,0.054483679165149956,-0.01055697124135413,0.0014446460067092382,-0.01018144979265756
ARBUSDT,1785819600000,2026-08-04T05:00:00+00:00,PRE_MOVE,0.0269368590139627,0.07045337454920153,0.26050313115513823,1.055191960603854,0.011271228973150693,-0.06292864877872695,0.003729996390325896,-0.0723138009866442,0.008260731189943638,-0.07118937996867059
ARBUSDT,1787119200000,2026-08-19T06:00:00+00:00,PRE_MOVE,0.0205964959208238,-0.030122013218098598,0.3641917166311479,1.0605753510626201,0.020328991072298574,0.3095269296291443,0.4374262875114663,-0.0031450661774341526,0.2046409008148944,0.10488602881424991
ATOMUSDT,1778436000000,2026-05-10T18:00:00+00:00,BREAKOUT,0.049974240082431676,0.07944915254237284,0.5443150285202631,1.0212249757133056,0.04539871862756417,0.01079489695780178,0.09568204121687951,-0.03483807654563287,-0.020683177591952373,0.031478074549754154
ATOMUSDT,1779418800000,2026-05-22T03:00:00+00:00,BREAKOUT,0.042718446601941684,0.06074074074074076,0.7357804881467569,1.0290395430505759,0.04655114072578481,-0.03724394785847307,0.019087523277467433,-0.07076350093109873,-0.00966040648314892,-0.02758354137532415
ATOMUSDT,1781157600000,2026-06-11T06:00:00+00:00,BREAKOUT,0.05358150028200792,0.029201101928374662,0.5316579311199561,1.0413079576892779,0.03245887773677825,0.040149892933618814,0.0904710920770877,-0.021948608137045023,0.024289781331395144,0.01586011160222367
ATOMUSDT,1785787200000,2026-08-03T20:00:00+00:00,BREAKOUT,0.08293838862559233,0.020089285714285587,0.8068915313247413,1.0075680011315071,0.07854783579717517,-0.009482129832239172,0.018234865061998562,-0.03355215171407733,0.010160628271265848,-0.01964275810350502
ATOMUSDT,1786377600000,2026-08-10T16:00:00+00:00,BREAKOUT,0.018731988472622474,0.056011949215832635,0.6191081328533623,0.997918227492553,0.038914613624835614,0.06152758132956149,0.0820367751060822,-0.019094766619519032,-0.011732922618432728,0.07326050394799422
ATOMUSDT,1786669200000,2026-08-14T01:00:00+00:00,BREAKOUT,0.08760683760683752,0.12693726937269378,1.511135640001442,0.975454679834493,0.08576697937209254,-0.04977079240340532,0.02946954813359537,-0.05173542894564498,-0.007262512687759126,-0.04250827971564619
ATOMUSDT,1787349600000,2026-08-21T22:00:00+00:00,BREAKOUT,0.07769591426657718,0.07409879839786382,0.7378511196506528,0.9715920185879809,-0.001979509176439631,-0.05034182722187697,0.06960845245494096,-0.10627719080174025,0.003404014442200509,-0.053745841664077476
ATOMUSDT,1781182800000,2026-06-11T13:00:00+00:00,PRE_MOVE,0.07855153203342624,0.07079646017699104,0.322348474721754,1.071458039939465,0.06370700359912007,-0.0010330578512396382,0.052169421487603396,-0.009297520661157077,0.019690353566675922,-0.02072341141791556
ATOMUSDT,1781514000000,2026-06-15T09:00:00+00:00,PRE_MOVE,0.015479876160990669,0.12714776632302405,0.6592465188945325,1.0755149708717988,0.0003803247192406545,-0.05436991869918695,0.027947154471544833,-0.06453252032520329,-0.021160801038439536,-0.03320911766074741
ATOMUSDT,1782162000000,2026-06-22T21:00:00+00:00,PRE_MOVE,0.02160318362706093,-0.08128834355828218,0.3923498032557311,1.0656781601559862,0.013562818737490545,-0.10684474123539234,0.004451864218141255,-0.13967723984418468,-0.06393274330777254,-0.042911997927619794
ATOMUSDT,1784592000000,2026-07-21T00:00:00+00:00,PRE_MOVE,0.018417462482946956,-0.028627195836044117,0.47130069964903276,1.062495694218939,0.0027199142078331295,-0.049564634963161436,0.011386470194239662,-0.057602143335566014,-0.008938203112960341,-0.040626431850201095
ATOMUSDT,1785693600000,2026-08-02T18:00:00+00:00,PRE_MOVE,0.036006546644844484,-0.09247311827956994,0.6682657274491959,1.0771269057210997,0.023030246736767346,0.06477093206951023,0.10031595576619279,-0.011848341232227555,0.022072400503754475,0.04269853156575576
ATOMUSDT,1786626000000,2026-08-13T13:00:00+00:00,PRE_MOVE,0.05571227080394925,0.11716417910447752,0.3861360260843698,1.1082157694104584,0.05737355918010256,-0.013360053440213737,0.05010020040080154,-0.02338009352037418,-0.010420738494094972,-0.002939314946118765
ATOMUSDT,1787076000000,2026-08-18T18:00:00+00:00,PRE_MOVE,0.01770538243626074,0.0034916201117318746,0.35037722633672486,1.0889953309814098,0.012395046068375493,0.0821155184411968,0.10995128740431448,-0.03061934585942938,0.1910689214715644,-0.1089534030303676
AVAXUSDT,1781517600000,2026-06-15T10:00:00+00:00,BREAKOUT,0.029057512797350027,0.02030153754291697,1.0194606747775459,1.0125172894226904,0.007358027332423189,-0.027651792245793727,0.03525969275786389,-0.039209948792977345,-0.02784713294588881,0.0001953407000950813
AVAXUSDT,1782745200000,2026-06-29T15:00:00+00:00,BREAKOUT,0.0526732046820626,0.056013963821009316,0.8886396461952073,0.9872003747117981,0.053503615426274465,0.017430503380916562,0.03335837716002987,-0.04117205108940647,0.02982933167447599,-0.012398828293559427
AVAXUSDT,1787173200000,2026-08-19T21:00:00+00:00,BREAKOUT,0.08156477668672779,0.07831991157429341,1.2994434587642347,1.0156525629166255,0.0024471478462915197,0.09210718992531852,0.21994435495680187,-0.020061502416166332,0.10300193298136895,-0.010894743056050427
AVAXUSDT,1781542800000,2026-06-15T17:00:00+00:00,PRE_MOVE,0.08427400649451067,0.02724875476120725,1.6855743004416053,1.0505968101674155,0.035383868815387354,-0.10382201939532232,0.004991443240159654,-0.1149458071876781,-0.06347733561605906,-0.04034468377926326
AVAXUSDT,1785002400000,2026-07-25T18:00:00+00:00,PRE_MOVE,0.07397304236200242,0.01980801462745685,0.4207895923039826,1.1122070578530039,0.07165994268390619,-0.023756163155535637,0.02256088450620064,-0.0507993425967429,-0.010569734467646308,-0.013186428687889329
AVAXUSDT,1785693600000,2026-08-02T18:00:00+00:00,PRE_MOVE,0.08609380124631039,-0.007195323040024015,0.7478378515538202,1.0975225407427647,0.07311750133823325,0.008908349690472717,0.054808998943077114,-0.03910614525139666,0.022072400503754475,-0.013164050813281758
AVAXUSDT,1787248800000,2026-08-20T18:00:00+00:00,PRE_MOVE,0.09857427564004295,0.11463680199097848,0.9697296091915377,1.050180733741712,0.0395096376243409,0.058889198995255354,0.16257326262908167,-0.02846776444320409,0.06794625295586654,-0.009057053960611183
BCHUSDT,1781517600000,2026-06-15T10:00:00+00:00,BREAKOUT,0.09103407640184624,0.08905553104935549,0.727931862844813,1.00566823668656,0.0693345909369194,-0.06296129612961288,0.039648964896489725,-0.07484248424842488,-0.02784713294588881,-0.03511416318372407
BCHUSDT,1782752400000,2026-06-29T17:00:00+00:00,BREAKOUT,0.05525238744884042,0.010755390259838293,0.9563246036920345,0.9931416029095259,0.04117015067853691,0.10422157028491852,0.1126249316294563,-0.035005718263636965,0.020647062719385323,0.0835745075655332
BCHUSDT,1783252800000,2026-07-05T12:00:00+00:00,BREAKOUT,0.06777861345839042,0.2496763837829441,1.452260225850723,0.9834403422841066,0.06643589439640984,-0.043256681168427624,0.04176507147296471,-0.055438160348042276,-0.012505142048081619,-0.030751539120346005
BCHUSDT,1785416400000,2026-07-30T13:00:00+00:00,BREAKOUT,0.04113683810969837,0.02556552626659192,0.6853409506872132,0.9509003706084116,0.035546952816063015,-0.03363259353780246,0.011484300232420308,-0.06854122043476285,-0.029246460161333254,-0.004386133376469203
BCHUSDT,1787212800000,2026-08-20T08:00:00+00:00,BREAKOUT,0.0687367955583944,0.008017053616942382,5.164313798692356,0.8393315939417333,-0.042711523149379316,0.24577050386171395,0.40782456785582943,-0.015033100404560518,0.06883536471186646,0.1769351391498475
BCHUSDT,1779174000000,2026-05-19T07:00:00+00:00,PRE_MOVE,0.043690384826225115,-0.1505755331489248,0.32571014367570683,1.0738388947662463,0.0416005450818866,-0.002862545301749009,0.014995535479804811,-0.0545721939177477,0.002156724576556579,-0.005019269878305588
BNBUSDT,1780124400000,2026-05-30T07:00:00+00:00,BREAKOUT,0.05683975958445142,0.05727114306796244,0.7763611018694956,1.0213158717525102,0.05648732109109211,0.013200683049966466,0.10860494468780169,-0.005479248645036794,-0.04671905585202252,0.059919738901988984
BNBUSDT,1781521200000,2026-06-15T11:00:00+00:00,BREAKOUT,0.013858961802154734,0.030786337836492317,0.9072215781296118,1.012186613068762,-0.012187476285820065,-0.05034697064837623,0.019433576454297885,-0.053969634030494706,-0.03402072758037222,-0.01632624306800401
BNBUSDT,1783260000000,2026-07-05T14:00:00+00:00,BREAKOUT,0.022122508608995117,0.058518398443832,0.5319016395625134,0.9519195679840392,0.02031308524700992,-0.03899948953547738,0.010430491747490223,-0.04614599285349663,-0.01464992601771442,-0.024349563517762962
BNBUSDT,1785423600000,2026-07-30T15:00:00+00:00,BREAKOUT,0.03968923574492034,0.041556612079591604,1.183440539290062,1.0469594543025393,0.027896967344133383,-0.00814877430262051,0.008622147083685583,-0.03009298393913773,-0.02492650036633881,0.0167777260637183
BNBUSDT,1786280400000,2026-08-09T13:00:00+00:00,BREAKOUT,0.015336295900297392,0.04198741577657006,1.2733079574782953,1.0227814791308172,0.012112494861910239,0.007881400552849804,0.0215874687376596,-0.016700671317625315,-0.021305347504175898,0.029186748057025702
BNBUSDT,1787151600000,2026-08-19T15:00:00+00:00,BREAKOUT,0.021848238392605523,0.009391975914654127,0.5387352158872043,1.045103591889225,-0.03522638994663341,0.11679364564759287,0.1787161614524233,-0.0037283190144269396,0.12363459649727049,-0.006840950849677618
BNBUSDT,1778608800000,2026-05-12T18:00:00+00:00,PRE_MOVE,-0.0016618322455884682,0.04754054182584855,0.2535016533844694,1.0814405918160712,0.012735766362073297,0.020762083472049664,0.04498955842740826,-0.00010592899730643701,-0.01736085276508781,0.03812293623713747
BNBUSDT,1780171200000,2026-05-30T20:00:00+00:00,PRE_MOVE,0.12026143790849675,0.08764561016513817,3.739400351007162,1.0641653192878273,0.1161932675396049,-0.08045785408679218,0.03710340612324292,-0.09407123409457141,-0.08639587798957327,0.005938023902781087
BNBUSDT,1782406800000,2026-06-25T17:00:00+00:00,PRE_MOVE,0.020173488355140767,-0.028343805325094618,0.25417340714372494,1.0626355606141327,0.015244550300403503,-0.013540308318893746,0.019524481520516,-0.01743448670084491,-0.0016595062047093379,-0.011880802114184408
BNBUSDT,1785405600000,2026-07-30T10:00:00+00:00,PRE_MOVE,0.029207305328406985,0.0305245809664072,0.33383517569262877,1.052792212363436,0.02757953548171832,-0.006090817836908902,0.01502288310053257,-0.02393793490651097,-0.021258301845577643,0.015167484008668741
BNBUSDT,1785895200000,2026-08-05T02:00:00+00:00,PRE_MOVE,0.021794633346296388,0.05863186476307258,0.2694742027981678,1.0899676398905829,0.013362335451079455,-0.02023762245168126,0.0,-0.030976965845909477,0.008535863214812478,-0.028773485666493737
BNBUSDT,1786226400000,2026-08-08T22:00:00+00:00,PRE_MOVE,0.013224478780109239,0.042268184342032056,0.2893945158654232,1.0501051639174932,0.012331749665576375,0.023739761603516207,0.024672038356529313,-0.005110874342411864,-0.019619441979690455,0.04335920358320666
CHZUSDT,1778306400000,2026-05-09T06:00:00+00:00,BREAKOUT,0.053968253968254,0.12733446519524616,0.5141105592373283,0.9365110594972129,0.04477396227972785,-0.05486230636833056,0.0176419965576593,-0.08326161790017206,0.009661546670256982,-0.06452385303858754
CHZUSDT,1778893200000,2026-05-16T01:00:00+00:00,BREAKOUT,0.05387736699729495,0.025219298245614086,1.9758578669015376,0.9639920485766309,0.07809180958788031,0.04705882352941182,0.06203208556149731,-0.08449197860962576,-0.031506979154160675,0.0785658026835725
CHZUSDT,1787238000000,2026-08-20T15:00:00+00:00,BREAKOUT,0.04589371980676327,0.03753993610223638,0.6127407440271841,1.064764847383826,-0.011098240639038748,0.1208622016936105,0.2178598922247883,-0.012317167051578148,0.06482210164436908,0.056040100049241426
CHZUSDT,1782741600000,2026-06-29T14:00:00+00:00,PRE_MOVE,-0.006822057987493024,-0.14488497307880577,0.4153898536342162,1.100940869781909,0.00236699515500316,0.026903262736119204,0.11505437893531778,-0.01659988551803082,0.03744364443846315,-0.010540381702343948
CHZUSDT,1786014000000,2026-08-06T11:00:00+00:00,PRE_MOVE,0.011709601873536313,-0.004608294930875667,0.5287400697718507,1.0696677375753068,0.0031921000076491346,0.024691358024691468,0.08719135802469147,-0.023919753086419693,0.005135461936117247,0.01955589608857422
CHZUSDT,1787173200000,2026-08-19T21:00:00+00:00,PRE_MOVE,0.0919055649241145,0.058006535947712434,0.32242219825528684,1.0658243471530675,0.01278793608367823,0.10038610038610041,0.2216216216216218,-0.02239382239382237,0.10300193298136895,-0.0026158325952685413
COMPUSDT,1778551200000,2026-05-12T02:00:00+00:00,BREAKOUT,0.06296135475466769,0.04081632653061229,0.5963580496641441,1.0306044644794243,0.061890321460198905,-0.06699346405228757,0.017973856209150485,-0.09313725490196079,0.00047400075101422523,-0.06746746480330179
COMPUSDT,1780948800000,2026-06-08T20:00:00+00:00,BREAKOUT,0.15965346534653446,0.0411111111111111,1.7220841043051398,1.000603045700267,0.13352116257985114,-0.044290288153681856,0.01707577374599789,-0.06830309498399134,-0.0015316952178646703,-0.042758592935817186
COMPUSDT,1783350000000,2026-07-06T15:00:00+00:00,BREAKOUT,0.046400951814396185,0.11399620012666256,1.377507206198671,0.9873359577937612,0.03346560780472663,-0.03979533826037518,0.008527572484366086,-0.05685048322910746,-0.01082598298886539,-0.02896935527150979
COMPUSDT,1785830400000,2026-08-04T08:00:00+00:00,BREAKOUT,0.02686202686202699,0.013253012048192625,0.7489969366589029,0.8157434888215871,0.010108550751687373,-0.03269916765755054,0.01189060642092743,-0.043400713436385296,0.01599598487720999,-0.04869515253476053
COMPUSDT,1786978800000,2026-08-17T15:00:00+00:00,BREAKOUT,0.023384615384615337,0.004833836858005869,0.8167559868649419,0.9146337171806636,0.006651349442776899,0.1593505712567651,0.1671677690920026,-0.006614552014431729,0.12870676126969194,0.030643809987073167
COMPUSDT,1787371200000,2026-08-22T04:00:00+00:00,BREAKOUT,0.11229946524064172,0.29272840273461775,0.5633921952143432,1.168410900515965,0.06612015938375082,-0.04326923076923084,0.04615384615384621,-0.08846153846153848,0.024162144868348223,-0.06743137563757906
COMPUSDT,1779195600000,2026-05-19T13:00:00+00:00,PRE_MOVE,0.0737089201877934,-0.04906444906444907,0.4301136067126634,1.074867483084789,0.07459172435868544,-0.0056843025797990165,0.045911674682990844,-0.022299956274595578,0.0053288325627456334,-0.01101313514254465
COMPUSDT,1780185600000,2026-05-31T00:00:00+00:00,PRE_MOVE,0.03169213355970557,-0.09122632103688921,0.25979779142690607,1.1361878920060162,0.024336079584455383,-0.03949533735600652,0.031267142073505116,-0.06472846955567746,-0.0959884438210522,0.056493106465045684
COMPUSDT,1781676000000,2026-06-17T06:00:00+00:00,PRE_MOVE,0.03777777777777769,0.05477131564088089,0.3964179132819181,1.1477114884722595,0.05008080881093113,-0.04871520342612423,0.016595289079229136,-0.08993576017130622,-0.02865402031425801,-0.02006118311186622
COMPUSDT,1782086400000,2026-06-22T00:00:00+00:00,PRE_MOVE,-0.0022321428571430157,-0.003899721448467952,0.3676243435422262,1.054363384013345,0.003947026603973169,-0.06991051454138708,0.033557046979865834,-0.10011185682326618,-0.048229764260841135,-0.021680750280545946
COMPUSDT,1783335600000,2026-07-06T11:00:00+00:00,PRE_MOVE,0.025044722719141488,0.08866371120962646,0.3305499582463507,1.0537975931370474,0.027736723357813076,-0.009307737056428178,0.0319953461314717,-0.034904013961605695,0.004716512918378379,-0.014024249974806557
COMPUSDT,1784246400000,2026-07-17T00:00:00+00:00,PRE_MOVE,0.02063679245283012,0.0200353565114908,0.5109305007425013,1.0517298265698825,0.03134715566643487,-0.02657423454650476,0.013864818024263537,-0.02888503755054883,0.010383180218875188,-0.03695741476537995
COMPUSDT,1784797200000,2026-07-23T09:00:00+00:00,PRE_MOVE,0.009253903990746215,0.004605641911341385,0.25960268871846304,1.1164034667944385,0.013631988377753701,-0.0040114613180516345,0.012034383954154793,-0.027507163323782224,-0.016699208479466487,0.012687747161414853
COMPUSDT,1786370400000,2026-08-10T14:00:00+00:00,PRE_MOVE,0.0,0.01587301587301604,0.4242423885837401,1.0585599468498987,0.009853258795198494,-0.027043269230769162,0.0012019230769231282,-0.04807692307692313,-0.011748678293043602,-0.01529459093772556
COMPUSDT,1786986000000,2026-08-17T17:00:00+00:00,PRE_MOVE,0.07222222222222241,0.0501813784764209,4.172417850078182,1.0934693747134436,0.053809627399101556,0.10880829015544036,0.12320092112838221,-0.020149683362118642,0.13067498689595003,-0.021866696740509672
CRVUSDT,1778493600000,2026-05-11T10:00:00+00:00,BREAKOUT,0.05859221392056613,0.1435853865760408,0.7660738242278804,0.9658279494152067,0.05779678116432363,-0.011887072808320909,0.08803863298662695,-0.029717682020802383,-0.016944208215493584,0.005057135407172675
CRVUSDT,1781096400000,2026-06-10T13:00:00+00:00,BREAKOUT,0.05619668840943293,0.010561689870379087,0.8710462223790247,1.0032776149306701,0.05813260553611421,0.13396674584323032,0.2603325415676958,-0.013776722090261262,0.031342204851916966,0.10262454099131335
CRVUSDT,1782943200000,2026-07-01T22:00:00+00:00,BREAKOUT,0.1204754186925987,0.06358974358974345,0.5634432087332037,1.0128599460961747,0.08854243612983392,0.02555448408871741,0.055930568948890924,-0.04194792671166836,0.045021779662278716,-0.019467295573561305
CRVUSDT,1783371600000,2026-07-06T21:00:00+00:00,BREAKOUT,0.021196420160150664,0.11983471074380159,1.0892226645589997,0.9897475951557689,-0.001088201469013006,-0.06918819188191871,0.008763837638376515,-0.08809963099631002,-0.019030366384959363,-0.05015782549695935
CRVUSDT,1784001600000,2026-07-14T04:00:00+00:00,BREAKOUT,0.085148514851485,0.05638554216867475,1.1782702225755055,1.0483161800098884,0.08413015565480775,-0.02919708029197088,0.04881386861313852,-0.03968978102189791,0.01190172466578221,-0.04109880495775309
CRVUSDT,1786248000000,2026-08-09T04:00:00+00:00,BREAKOUT,0.04483074107959739,0.11687041564792189,0.7173017870229816,0.9798833847338059,0.04816579298297785,0.16549912434325753,0.23073555166374793,-0.01094570928196148,-0.01563624347203063,0.18113536781528816
CRVUSDT,1787194800000,2026-08-20T03:00:00+00:00,BREAKOUT,0.10012568077084216,0.006901840490797673,0.5318593888171044,1.045652792365337,0.024115086070991776,0.21172886519421175,0.3488194973343488,-0.0022848438690022954,0.11213078262880605,0.0995980825654057
CRVUSDT,1782759600000,2026-06-29T19:00:00+00:00,PRE_MOVE,0.02477596204533472,-0.0711896798853322,0.9101967699921871,1.0531225903285697,0.008663641729917293,0.04629629629629628,0.0951646090534981,-0.06893004115226331,0.01726886423116958,0.0290274320651267
CRVUSDT,1783018800000,2026-07-02T19:00:00+00:00,PRE_MOVE,0.03196347031963476,0.06771653543307088,0.576458435773664,1.0924908959611006,0.00775513698630137,0.03982300884955747,0.07669616519174038,-0.005899705014749346,0.0210162320491436,0.01880677680041387
CRVUSDT,1783998000000,2026-07-14T03:00:00+00:00,PRE_MOVE,0.0728805156172534,0.04289156626506041,1.0742060743141741,1.0563222981529885,0.07673523414315808,-0.015249537892791154,0.06238447319778184,-0.027264325323475114,0.015988627750718853,-0.031238165643510007
CRVUSDT,1785099600000,2026-07-26T21:00:00+00:00,PRE_MOVE,0.024114173228346525,-0.012339819648789718,0.4677687402930897,1.0858222975608849,0.016290607691215042,-0.0067275348390197776,0.0422873618452666,-0.0360403652090342,-0.015281919480667705,0.008554384641647927
CRVUSDT,1785787200000,2026-08-03T20:00:00+00:00,PRE_MOVE,0.00930460333006855,-0.004828585224529225,0.3202817612561162,1.065440715592327,0.00491405050165139,0.03881610868510443,0.07472100921882574,-0.02280446385249879,0.010160628271265848,0.028655480413838585
CRVUSDT,1786212000000,2026-08-08T18:00:00+00:00,PRE_MOVE,0.07505938242280297,0.1292415169660679,0.36240273739817175,1.058097041326171,0.07037401446225156,0.177198409191339,0.20592134334953593,-0.0070702607158638076,-0.025575518377981887,0.2027739275693209
CRVUSDT,1787202000000,2026-08-20T05:00:00+00:00,PRE_MOVE,0.1236808780075982,0.048857368006304025,0.6010035083650898,1.0511668764750255,0.04270793180526855,0.19383921863260722,0.3305785123966942,-0.004883546205860179,0.09590495661181708,0.09793426202079014
DASHUSDT,1779278400000,2026-05-20T12:00:00+00:00,BREAKOUT,0.14658444022770412,0.08409957389549216,0.5841003538293843,0.9937289253290212,0.13762620415107096,-0.11584609019445591,0.12743069921390138,-0.1390153082333473,-0.03691445569156926,-0.07893163450288665
DASHUSDT,1781478000000,2026-06-14T23:00:00+00:00,BREAKOUT,0.07859154929577472,0.037388241668924405,0.69211671040377,0.9781332600315777,0.05866084648197356,-0.05353878297205528,0.04988247584225647,-0.06816401149125095,-0.018708686632542992,-0.034830096339512284
DASHUSDT,1786230000000,2026-08-08T23:00:00+00:00,BREAKOUT,0.038024049398765136,0.025690430314707857,0.5128554472079947,1.0363297081318168,0.0373598013552916,-0.038822792736380785,0.004070131496556106,-0.05385097056981847,-0.020892212202653693,-0.017930580533727092
DASHUSDT,1787151600000,2026-08-19T15:00:00+00:00,BREAKOUT,0.023240371845949515,0.01615562149686789,0.5833800974770513,0.9710419621643217,-0.033834256493289416,0.27449707981829974,0.5470473718364699,-0.014276443867618505,0.12363459649727049,0.15086248332102925
DOGEUSDT,1778734800000,2026-05-14T05:00:00+00:00,BREAKOUT,0.026954659050339114,0.03957354535598112,0.5647537547833199,0.9622101851114537,0.04194499682685471,-0.04449852250999475,0.03067964540239876,-0.06448809316878146,-0.02110778912268174,-0.023390733387313012
DOGEUSDT,1781272800000,2026-06-12T14:00:00+00:00,BREAKOUT,0.0658034137728074,0.09493288184786541,0.79602649521589,0.9801807561017665,0.04552577244814193,-0.01159708416169647,0.0037552462999779213,-0.05522421029379265,0.04035109659064262,-0.05194818075233909
DOGEUSDT,1781535600000,2026-06-15T15:00:00+00:00,BREAKOUT,0.05101449275362313,0.04279305188082372,0.6643762462138207,1.0453667205011488,0.00017786750672965645,-0.09608383894098171,0.0001103143960288211,-0.09784886927744063,-0.07302319010832947,-0.023060648832652242
DOGEUSDT,1787151600000,2026-08-19T15:00:00+00:00,BREAKOUT,0.03100995732574674,0.023873428450346124,0.8459812249878811,0.9937612889566225,-0.02606467101349219,0.2465507726269316,0.39417770419426046,-0.00814017660044164,0.12363459649727049,0.1229161761296611
DOGEUSDT,1787234400000,2026-08-20T14:00:00+00:00,PRE_MOVE,0.1009122807017544,0.11865373645179678,2.549780281810959,1.0680436921668413,0.011417686222001677,0.18192248852626225,0.2882457929627742,-0.0015298317185109545,0.07495448714287911,0.10696800138338314
DOTUSDT,1778662800000,2026-05-13T09:00:00+00:00,BREAKOUT,0.06315007429420505,0.0759398496240602,0.5037430283170994,0.9700059139522821,0.05750149652539327,-0.12368972746331242,0.004891684136967056,-0.12928022361984626,-0.03942379285094544,-0.08426593461236698
DOTUSDT,1783371600000,2026-07-06T21:00:00+00:00,BREAKOUT,0.018161180476730987,0.08202653799758752,0.5822587242459583,0.990251060353049,-0.004123441152432683,-0.08026755852842815,0.0011148272017837968,-0.09141583054626545,-0.019030366384959363,-0.06123719214346879
DOTUSDT,1785808800000,2026-08-04T02:00:00+00:00,BREAKOUT,0.06771294772813574,0.10810455799290697,0.6860582000404136,1.03486484386937,0.056876153961510134,-0.02750118539592228,0.030938833570412605,-0.03544333807491706,0.008889961647150502,-0.03639114704307278
DOTUSDT,1787212800000,2026-08-20T08:00:00+00:00,BREAKOUT,0.05781865965834432,0.039783001808318286,0.8655754401701561,0.9557346491183664,-0.0536296590494294,0.11527950310558999,0.28310559006211156,-0.008819875776397534,0.06883536471186646,0.04644413839372352
DOTUSDT,1779393600000,2026-05-21T20:00:00+00:00,PRE_MOVE,0.032695374800638,-0.06834532374100721,0.787941434665439,1.0504348362719442,0.032800936621244836,-0.03552123552123543,0.039382239382239614,-0.07567567567567557,-0.013290606323562937,-0.02223062919767249
DOTUSDT,1781524800000,2026-06-15T12:00:00+00:00,PRE_MOVE,0.06438213914849422,0.04485219164118237,0.5455216002146168,1.0532664688241666,0.029672791249376385,-0.04390243902439017,0.0204878048780488,-0.0585365853658536,-0.032806992491939524,-0.011095446532450648
DOTUSDT,1783674000000,2026-07-10T09:00:00+00:00,PRE_MOVE,0.06385542168674707,0.0279394644935973,0.34791800128714656,1.088313339172509,0.04104413841300847,-0.05889014722536812,0.013590033975084959,-0.0668176670441677,-0.01998744569642208,-0.03890270152894604
DOTUSDT,1786402800000,2026-08-10T23:00:00+00:00,PRE_MOVE,0.009144431917825324,-0.02268591532209152,0.5142556609802418,1.0624942387079095,0.02345815922166483,-0.0415839126117179,0.00881330685203574,-0.05213505461767631,-0.0075477836010091615,-0.03403612901070874
DYDXUSDT,1778212800000,2026-05-08T04:00:00+00:00,BREAKOUT,0.3709459459459461,0.3348684210526316,7.716939117106488,0.9877071524811278,0.3872654620313378,-0.1764415968457368,0.025135534746180355,-0.18629866929521932,0.014610834097388947,-0.19105243094312574
DYDXUSDT,1779789600000,2026-05-26T10:00:00+00:00,BREAKOUT,0.06449511400651464,0.15151515151515138,0.7374359072489889,0.9906912942855758,0.06580350110328881,0.060587515299877825,0.09669522643818862,-0.11627906976744184,-0.049053858855328314,0.10964137415520614
DYDXUSDT,1780095600000,2026-05-29T23:00:00+00:00,BREAKOUT,0.12656641604010033,0.23066392881587938,0.8839944998029343,0.9897429406441012,0.12878406647208007,-0.02836484983314791,0.10289210233592883,-0.043937708565072287,-0.02773729983848161,-0.0006275499946662988
DYDXUSDT,1782126000000,2026-06-22T11:00:00+00:00,BREAKOUT,0.08866995073891615,0.058260175578611406,1.5665644608114668,1.0152295870292662,0.08127477163497354,0.08672699849170451,0.16742081447963808,-0.05128205128205132,-0.05208721796599736,0.13881421645770187
DYDXUSDT,1782522000000,2026-06-27T01:00:00+00:00,BREAKOUT,0.14184897671136198,0.36310025273799496,0.533897205636513,1.0320803096009339,0.1333306389738298,-0.03584672435105063,0.028430160692212603,-0.0760197775030903,8.344584614849992e-06,-0.03585506893566548
DYDXUSDT,1782860400000,2026-06-30T23:00:00+00:00,BREAKOUT,0.12797992471769137,0.19946631087391586,0.7222836179099252,0.9607422078628544,0.15486756384250222,-0.26251390433815347,0.3626251390433817,-0.3092324805339265,0.06757227149716583,-0.3300861758353193
DYDXUSDT,1787191200000,2026-08-20T02:00:00+00:00,BREAKOUT,0.10147783251231512,0.007207207207207134,0.5532939847941707,0.9825396222770194,0.02432705540771174,0.0429338103756709,0.20125223613595722,-0.016994633273702986,0.11252139725133725,-0.06958758687566635
DYDXUSDT,1779746400000,2026-05-25T22:00:00+00:00,PRE_MOVE,0.06331727460426695,0.11875452570601008,0.46897267968384404,1.0713021344781788,0.0592337120182973,0.01877022653721694,0.1313915857605179,-0.06537216828478964,-0.04716889343799746,0.0659391199752144
DYDXUSDT,1780869600000,2026-06-07T22:00:00+00:00,PRE_MOVE,0.10360360360360343,-0.23794712286158626,0.2846024272269345,1.0590913273584925,0.0652564715823849,-0.21972789115646252,0.0006802721088436936,-0.22721088435374137,-0.02355908870268253,-0.19616880245378
DYDXUSDT,1782118800000,2026-06-22T09:00:00+00:00,PRE_MOVE,0.06384742951907141,0.0346774193548387,1.2069122936179597,1.0582748800390263,0.06501583945335998,0.14731098986749802,0.20654715510522204,-0.019485580670304037,-0.037542033976554534,0.18485302384405256
DYDXUSDT,1783530000000,2026-07-08T17:00:00+00:00,PRE_MOVE,0.05416012558869698,-0.26571897211591033,0.40256944135870665,1.0662034395588964,0.08654865074349394,-0.03946388682055102,0.06105733432613536,-0.0655249441548772,0.03548758586810341,-0.07495147268865443
DYDXUSDT,1784268000000,2026-07-17T06:00:00+00:00,PRE_MOVE,0.051409618573797555,-0.04084720121028751,0.27544412240916993,1.0636498274422312,0.07974320930738832,-0.055993690851735,0.011829652996845352,-0.07334384858044163,0.01549064299042846,-0.07148433384216346
DYDXUSDT,1784728800000,2026-07-22T14:00:00+00:00,PRE_MOVE,0.05215231788079455,0.05477178423236517,0.5486517959846298,1.0589029054190007,0.0676318603653353,-0.03855232100708095,0.018882769472856165,-0.04327301337529499,-0.02421309346786238,-0.014339227539218569
DYDXUSDT,1785110400000,2026-07-27T00:00:00+00:00,PRE_MOVE,0.031604538087520284,0.06795302013422821,0.2755756819170039,1.2116837356383834,0.021936813771193053,-0.14454045561665363,0.010997643362136822,-0.15710919088766684,-0.021999508493840914,-0.12254094712281272
DYDXUSDT,1785909600000,2026-08-05T06:00:00+00:00,PRE_MOVE,0.010628875110717306,0.01966041108132255,0.9788118110647135,1.0598971032910764,0.001633283359137705,0.0,0.02979842243645936,-0.02015775635407535,0.011711767819885921,-0.011711767819885921
DYDXUSDT,1786374000000,2026-08-10T15:00:00+00:00,PRE_MOVE,0.004344048653344812,0.025732031943212164,0.3423971668027521,1.064147615611856,0.0187426549529075,-0.05363321799307952,0.00865051903114189,-0.0640138408304497,-0.013751618203545202,-0.03988159978953432
DYDXUSDT,1787238000000,2026-08-20T15:00:00+00:00,PRE_MOVE,0.08429118773946342,0.034734917733089565,0.6828028132088881,1.052664112558271,0.02729922729366141,0.08303886925795068,0.18639575971731448,-0.013250883392226132,0.06482210164436908,0.018216767613581597
EGLDUSDT,1782997200000,2026-07-02T13:00:00+00:00,BREAKOUT,0.05880047040376324,0.11519405450041287,1.3496439941401737,1.0326524923897336,0.0175917207758427,-0.005923731951129163,0.04257682339874114,-0.03258052573121073,0.013832201377728559,-0.019755933328857722
EGLDUSDT,1783569600000,2026-07-09T04:00:00+00:00,BREAKOUT,0.11131656804733714,0.12715678919729934,2.2883138986136324,1.0497877018326593,0.1168433311867425,-0.013976705490848507,0.06821963394342756,-0.06988352745424287,0.024894105132296618,-0.038870810623145124
EGLDUSDT,1783846800000,2026-07-12T09:00:00+00:00,BREAKOUT,0.09391675560298829,0.1564497931553217,1.8150400847906258,0.9300993709070727,0.09723746090208563,0.06471544715447153,0.18439024390243897,-0.03707317073170746,0.011177850774284348,0.05353759638018718
EGLDUSDT,1787198400000,2026-08-20T04:00:00+00:00,BREAKOUT,0.04908424908424913,0.08731966590736517,0.556589648083883,1.0826123925144044,-0.03172259041585512,0.13023743016759792,0.2283519553072626,-0.011871508379888152,0.10262794670704256,0.027609483460555362
EGLDUSDT,1787486400000,2026-08-23T12:00:00+00:00,BREAKOUT,0.05416920267802805,0.3156095708317508,0.519306559851336,1.0614121661589886,0.05536849474639949,-0.012990762124711286,0.07274826789838351,-0.036951501154734445,0.013958024892847476,-0.026948787017558762
EGLDUSDT,1779440400000,2026-05-22T09:00:00+00:00,PRE_MOVE,0.014761070803102294,-0.06197964847363546,0.5617569362668746,1.052235396164754,0.018975162105836385,-0.02021696252465477,0.025887573964497035,-0.06755424063116366,0.003820380019101899,-0.024037342543756668
EGLDUSDT,1780326000000,2026-06-01T15:00:00+00:00,PRE_MOVE,0.0022785531187696773,-0.11627322953289809,0.4851317603067813,1.0838280385887735,0.03643125608765452,-0.11139528275078159,0.036373969877806056,-0.1469167377095767,-0.10175331999988735,-0.00964196275089424
EGLDUSDT,1781528400000,2026-06-15T13:00:00+00:00,PRE_MOVE,0.09466019417475735,0.05444221776887104,0.3221473042265013,1.0668001540540537,0.061632000513470064,-0.08964206525182128,0.003801076971808648,-0.09375989863794731,-0.03701958115246318,-0.0526224840993581
EGLDUSDT,1783209600000,2026-07-05T00:00:00+00:00,PRE_MOVE,0.022213994816734584,0.10087719298245612,2.6121682810513036,1.0688757925999979,0.018589229733073198,-0.003621876131836399,0.052879391524809805,-0.04563563926113734,0.00990113162596784,-0.01352300775780424
EGLDUSDT,1783562400000,2026-07-09T02:00:00+00:00,PRE_MOVE,0.09502598366740922,0.11573373676248111,1.119565463949471,1.074616110688816,0.11405021350857225,0.02033898305084736,0.08813559322033893,-0.05254237288135599,0.03717186176698717,-0.01683287871613981
EGLDUSDT,1785196800000,2026-07-28T00:00:00+00:00,PRE_MOVE,-0.010218463706835768,-0.10797078437599228,0.4567354453949153,1.1056583496063428,0.015169365371897392,-0.04521181915272343,0.006763972944108021,-0.061943752224991266,0.019627094657313826,-0.06483891381003726
EGLDUSDT,1785542400000,2026-08-01T00:00:00+00:00,PRE_MOVE,0.006711409395973256,-0.0644490644490644,0.32339288108325515,1.1024404990105758,0.03436429161117138,-0.005555555555555647,0.022592592592592498,-0.03370370370370379,0.006806613955942842,-0.012362169511498489
EGLDUSDT,1785801600000,2026-08-04T00:00:00+00:00,PRE_MOVE,0.006371814092953398,-0.04414382342470635,0.5515255608556331,1.0553379946595673,0.005760429060986061,0.04655493482309114,0.06890130353817514,-0.0007448789571695702,0.015066879704946246,0.0314880551181449
EGLDUSDT,1786402800000,2026-08-10T23:00:00+00:00,PRE_MOVE,0.03635682158920539,0.01991884913316122,0.7935803661297827,1.0736763941969454,0.0506705488930449,-0.053887884267631136,0.02097649186256767,-0.0658227848101266,-0.0075477836010091615,-0.046340100666621975
EGLDUSDT,1786939200000,2026-08-17T04:00:00+00:00,PRE_MOVE,0.008012209080503485,-0.015648286140089507,0.2804998665383365,1.0965084908812393,0.0007869657677388453,0.08402725208175621,0.08856926570779722,-0.008705526116578266,0.09396290167416388,-0.00993564959240767
ENAUSDT,1780466400000,2026-06-03T06:00:00+00:00,BREAKOUT,0.1604880883207438,0.03718321562110516,2.5942657823951287,0.9429442139222461,0.2051163313744263,-0.05657921089525342,0.18636090526737425,-0.17885039054676544,-0.09227131575684888,0.035692104861595464
ENAUSDT,1781740800000,2026-06-18T00:00:00+00:00,BREAKOUT,0.10686229205175612,0.3292175360710321,0.7981614964155734,0.9668937542578226,0.12584236799642057,-0.06773823191733652,0.025884563197996036,-0.11011376683018481,-0.002615127698935904,-0.06512310421840062
ENAUSDT,1782136800000,2026-06-22T14:00:00+00:00,BREAKOUT,0.0787306467552431,0.10892877299920967,0.5755380028922155,0.9770087901328416,0.06589533795923552,-0.16754885993485336,0.0019340390879478697,-0.20144543973941353,-0.08460188165006244,-0.08294697828479092
ENAUSDT,1784030400000,2026-07-14T12:00:00+00:00,BREAKOUT,0.07178968655207285,0.10086979099052318,0.5335995974962515,0.9996923329646397,0.050426350082319216,-0.055896226415094286,0.017452830188679158,-0.06403301886792456,-0.013471452345499735,-0.04242477406959455
ENAUSDT,1784613600000,2026-07-21T06:00:00+00:00,BREAKOUT,0.08725428027901083,0.03990781174187297,0.6556656118263635,1.0385815632903181,0.05591291230280171,0.057272833313892324,0.08468447451300598,-0.011431237606438716,-0.006841456677856517,0.06411428999174884
ENAUSDT,1787155200000,2026-08-19T16:00:00+00:00,BREAKOUT,0.07564729745853715,0.0223406668178725,0.8964224159637364,0.9698540027517604,0.01969456563507377,0.6739877981142539,0.8399334442595674,-0.026511369938990503,0.1295953424413312,0.5443924556729227
ENAUSDT,1787878800000,2026-08-28T01:00:00+00:00,BREAKOUT,0.2832354146741358,0.5507306199950466,1.403087841453714,0.960771944956521,0.2629157782339586,-0.21933560477001712,0.009156729131175378,-0.22705494037478702,-0.03550767953610867,-0.18382792523390845
ENAUSDT,1782734400000,2026-06-29T12:00:00+00:00,PRE_MOVE,0.06236814345991548,-0.1712610573955976,0.3937107965469764,1.074250707305475,0.06811727237977616,-0.0358694303090481,0.06801539034380033,-0.1297008812212983,0.02643203417690887,-0.06230146448595697
ENAUSDT,1785139200000,2026-07-27T08:00:00+00:00,PRE_MOVE,0.06060249470463641,0.1382924981055822,0.8810471992776396,1.0581099231261426,0.050006700438995244,-0.1254854099633862,0.03461666481748593,-0.14723177632308893,-0.01309013863939934,-0.11239527132398686
ENSUSDT,1778292000000,2026-05-09T02:00:00+00:00,BREAKOUT,0.11715939308618806,0.17081967213114768,0.5212127913561748,1.0671110263092627,0.1054601670349884,0.018482217866143902,0.1383366003920472,-0.06104732567908144,0.010503961223799152,0.00797825664234475
ENSUSDT,1781539200000,2026-06-15T16:00:00+00:00,BREAKOUT,0.14650872817955118,0.15033361134278556,2.121965440550967,1.0673081642275133,0.09630830198051443,-0.04984593075947075,0.012688055102410667,-0.06960304513322468,-0.06641756912382335,0.016571638364352603
ENSUSDT,1784113200000,2026-07-15T11:00:00+00:00,BREAKOUT,0.038423886441507626,0.04378843788437892,0.505815899530663,0.9590100157140676,0.008218649402359723,0.059863304265849626,0.10770681121847736,-0.006599104407259082,-0.010419194065602877,0.0702824983314525
ENSUSDT,1787234400000,2026-08-20T14:00:00+00:00,BREAKOUT,0.11156393275598564,0.07039489820946776,3.384496159254521,1.0102886805892475,0.02206933827623292,0.34005499541704864,0.5119156736938588,-0.00045829514207140765,0.07495448714287911,0.26510050827416953
ENSUSDT,1778270400000,2026-05-08T20:00:00+00:00,PRE_MOVE,0.07044887780548637,0.13109354413702246,0.2910771291059804,1.1001003776545561,0.0671196444309865,0.0806639487478158,0.18375072801397785,-0.023587652882935295,0.020904074702886355,0.05975987404492944
ENSUSDT,1779318000000,2026-05-20T23:00:00+00:00,PRE_MOVE,0.02066720911310016,-0.07886620649140841,0.3034163734009512,1.0504810515654164,0.0114171970688135,0.011001275510204023,0.049744897959183465,-0.05564413265306123,-0.010257991518546672,0.021259267028750695
ENSUSDT,1781517600000,2026-06-15T10:00:00+00:00,PRE_MOVE,0.06598360655737712,0.09469696969696972,0.5063226627728481,1.0655157550080285,0.04428412109245028,0.02768166089965396,0.11630142252979625,-0.0011534025374856371,-0.02784713294588881,0.05552879384554277
ENSUSDT,1782748800000,2026-06-29T16:00:00+00:00,PRE_MOVE,0.013122721749696087,-0.12194608256107853,0.4243298571489418,1.0793492915283642,0.009518719463250003,0.007195970256656414,0.041736627488606404,-0.04749340369393129,0.02966215640653469,-0.022466186149878276
ENSUSDT,1787169600000,2026-08-19T20:00:00+00:00,PRE_MOVE,0.07854356306892063,0.009002433090024242,0.28042317636696845,1.1503923961564366,0.009313925979955062,0.3788280684832408,0.5910296599951772,-0.001929105377381224,0.12046754308052754,0.25836052540271326
ETCUSDT,1781517600000,2026-06-15T10:00:00+00:00,BREAKOUT,0.027789473684210586,0.030102686735124617,0.5938057760046818,0.9583928397883044,0.0060899882192837484,-0.019390959989075585,0.04847739997268863,-0.02758432336474126,-0.02784713294588881,0.008456172956813224
ETCUSDT,1787173200000,2026-08-19T21:00:00+00:00,BREAKOUT,0.09390988611982176,0.06937721845756695,0.5315104211032855,1.0004012573375036,0.01479225727938549,0.1789378394689196,0.37401931200965577,-0.02142426071213044,0.10300193298136895,0.07593590648755066
ETCUSDT,1783159200000,2026-07-04T10:00:00+00:00,PRE_MOVE,0.01097984711605271,0.00511261572474786,0.3891560356483177,1.0783454431761574,0.0013283231997283096,-0.03643112455320319,0.015809733296673123,-0.04357987352213366,0.01239839382624952,-0.04882951837945271
ETCUSDT,1785081600000,2026-07-26T16:00:00+00:00,PRE_MOVE,0.07149253731343275,0.04619644418536861,0.7580772160224241,1.063209287030134,0.06340446126588595,-0.07591586571945952,0.0026466081626967952,-0.07856247388215631,-0.01411746522411128,-0.06179840049534824
ETHUSDT,1781478000000,2026-06-14T23:00:00+00:00,BREAKOUT,0.026380466671824143,0.020761573334280303,0.5607300883687285,1.0175846676219344,0.006449763858022983,0.014390574811275814,0.0719180862042974,-0.009444901840277353,-0.018708686632542992,0.033099261443818806
ETHUSDT,1783371600000,2026-07-06T21:00:00+00:00,BREAKOUT,0.015782902508804098,0.12039472871663759,1.3730139080621258,0.9933405648396202,-0.0065017191203595726,-0.036868213636113034,0.000997629939921696,-0.056137353249187005,-0.019030366384959363,-0.01783784725115367
ETHUSDT,1787169600000,2026-08-19T20:00:00+00:00,BREAKOUT,0.16009749157932163,0.1761156358700262,2.09167477813929,1.1819858225442266,0.09086785449035606,0.09601183015788584,0.1493827939731116,-0.0009693155279839605,0.12046754308052754,-0.024455712922641704
ETHUSDT,1778446800000,2026-05-10T21:00:00+00:00,PRE_MOVE,-0.00012875923310984305,0.0027591015917562967,0.3505586815516333,1.08650368085026,0.0006367004514414853,-0.032078055313504716,0.02242845430390239,-0.04147868974901603,-0.016248109675979894,-0.015829945637524823
ETHUSDT,1781517600000,2026-06-15T10:00:00+00:00,PRE_MOVE,0.03862576246860416,0.038955056919128817,1.1900029768613924,1.0935597454867794,0.016926277003677326,0.005360463844218399,0.06448102533985112,-0.009149062350658377,-0.02784713294588881,0.03320759679010721
ETHUSDT,1782115200000,2026-06-22T08:00:00+00:00,PRE_MOVE,0.010773654884307593,0.015934772115312024,0.3476372829228158,1.0588832816198497,0.00849353629938765,-0.054278697814999166,0.018369578283941257,-0.11214659026509666,-0.03816084498345651,-0.016117852831542656
ETHUSDT,1782752400000,2026-06-29T17:00:00+00:00,PRE_MOVE,0.03549930643047117,-0.0649340948528484,1.4428811685134542,1.051348496541083,0.021417069660167654,0.04153941635891045,0.059992503241426354,-0.0480591383643546,0.020647062719385323,0.02089235363952513
ETHUSDT,1783011600000,2026-07-02T17:00:00+00:00,PRE_MOVE,0.04492324764194566,0.0767046537332774,0.34400047052877825,1.09450328638645,0.02038301345847149,0.04929880764851302,0.06668554605686228,-0.0021652300630690124,0.015545966289765234,0.03375284135874779
ETHUSDT,1784084400000,2026-07-15T03:00:00+00:00,PRE_MOVE,0.051783801367365934,0.07113400884177334,0.3715742591712399,1.0816949707323384,0.01624392334081559,-0.016045261608685357,0.03808949939210371,-0.038852035919203054,-0.011909982582055889,-0.004135279026629468
ETHUSDT,1784613600000,2026-07-21T06:00:00+00:00,PRE_MOVE,0.04617273666502575,0.08503834523615827,0.47586437941104,1.0633775643069332,0.014831368688816626,-0.024192505958936295,0.012760654991804898,-0.039331565041596184,-0.006841456677856517,-0.017351049281079778
ETHUSDT,1785078000000,2026-07-26T15:00:00+00:00,PRE_MOVE,0.02502370074396243,0.023330053686394514,0.3922467740054869,1.0579106012433759,0.015926272840610878,-0.011819725669496961,0.03566296538210323,-0.03027041149575449,-0.012256386173486455,0.0004366605039894944
ETHUSDT,1785693600000,2026-08-02T18:00:00+00:00,PRE_MOVE,0.02146806482364161,-0.020149238133060243,0.3651596191279216,1.0815287124925252,0.00849176491556447,0.022435418844258592,0.027746965592269524,-0.025587149896542205,0.022072400503754475,0.00036301834050411763
ETHUSDT,1786006800000,2026-08-06T09:00:00+00:00,PRE_MOVE,0.019080909469903595,-0.00563239251517611,0.4295811791809281,1.055102844787911,0.01094711351652955,0.007421276774288277,0.019048817840434662,-0.007982461661107276,0.0031214665014671628,0.004299810272821114
ETHUSDT,1787140800000,2026-08-19T12:00:00+00:00,PRE_MOVE,0.019942374649059458,0.013472278196787313,0.2809302515177834,1.087366849574853,0.009617502580580028,0.25356215107961977,0.3166144200626959,-0.004756420651438553,0.19177949128317096,0.06178265979644881
ETHUSDT,1787821200000,2026-08-27T09:00:00+00:00,PRE_MOVE,0.03546264508746111,0.11204406794539779,0.34214399069714974,1.0785368051310358,0.01579433971416111,-0.03195490947556212,0.0020603338372335855,-0.051228108952979357,-0.024889379147500335,-0.0070655303280617865
FETUSDT,1779433200000,2026-05-22T07:00:00+00:00,BREAKOUT,0.10266940451745366,0.013207547169811207,1.2608751260493114,0.9935651195791821,0.10882641667732795,-0.01024208566107998,0.04003724394785846,-0.11033519553072624,0.00013054678421919874,-0.01037263244529918
FETUSDT,1779768000000,2026-05-26T04:00:00+00:00,BREAKOUT,0.11350844277673544,0.22941481097876748,0.7906505227371243,0.9750233694644594,0.12182184686427766,-0.0008424599831508006,0.10278011794439745,-0.08845829823083395,-0.0423326150801876,0.041490155097036796
FETUSDT,1780146000000,2026-05-30T13:00:00+00:00,BREAKOUT,0.18060344827586183,0.375,0.5113751606522561,1.0100819596399628,0.17116073779122543,0.0007301935012780092,0.05439941584519903,-0.06827309236947787,-0.06796423006571384,0.06869442356699185
FETUSDT,1785826800000,2026-08-04T07:00:00+00:00,BREAKOUT,0.04956896551724155,0.029598308668076223,0.8250949880216796,0.9580582232122481,0.032385983938420404,-0.09924709103353879,0.052019164955509956,-0.10061601642710483,0.009775941821837275,-0.10902303285537607
FETUSDT,1787245200000,2026-08-20T17:00:00+00:00,BREAKOUT,0.1357827476038338,0.05882352941176472,0.6126776574533424,1.0359318513743934,0.06941982869157548,0.16877637130801681,0.29887482419128,-0.04149085794655405,0.061403460504631635,0.10737291080338518
FETUSDT,1779336000000,2026-05-21T04:00:00+00:00,PRE_MOVE,0.03113456464379949,-0.07481060606060608,0.2644819835285708,1.0902912946152303,0.014907452832562562,0.09109518935516903,0.1432958034800409,-0.026612077789150423,-0.015969279491239607,0.10706446884640863
FETUSDT,1781406000000,2026-06-14T03:00:00+00:00,PRE_MOVE,0.16188413643746613,0.03771760154738879,0.7122445066973702,1.0555423207682015,0.1458102779554582,-0.035414725069897623,0.03821062441752088,-0.07875116495806167,0.020206153607688293,-0.055620878677585917
FETUSDT,1787169600000,2026-08-19T20:00:00+00:00,PRE_MOVE,0.07422852376980815,-0.0388059701492538,0.44343023616358757,1.0912482054079045,0.004998886680842585,0.2639751552795031,0.43400621118012417,-0.0007763975155278269,0.12046754308052754,0.14350761219897556
FILUSDT,1778292000000,2026-05-09T02:00:00+00:00,BREAKOUT,0.17150635208711407,0.40785169029443824,0.5791283667517437,0.9549716021348253,0.1598071260359144,-0.1417505809450037,0.021688613477924168,-0.15724244771494955,0.010503961223799152,-0.15225454216880285
FILUSDT,1779861600000,2026-05-27T06:00:00+00:00,BREAKOUT,0.063508064516129,0.10355648535564854,1.5957471035713962,0.9436544176664751,0.0774251034572997,-0.07582938388625593,0.041706161137440745,-0.12606635071090033,-0.029674142480211163,-0.04615524140604477
FILUSDT,1786032000000,2026-08-06T16:00:00+00:00,BREAKOUT,0.012366263720994919,0.030697411232140315,1.0918664923042103,0.976864779109361,0.01095364858822001,-0.02401866593466928,0.003705737029920275,-0.08317320889376889,0.007437827548699705,-0.031456493483368986
FILUSDT,1787230800000,2026-08-20T13:00:00+00:00,BREAKOUT,0.09886471144749298,0.028482880755607898,0.9280913005014062,0.9714121512828611,-0.003923509055676178,0.1110632802410676,0.23403644712297322,-0.0067441526761370385,0.0810466107666783,0.0300166694743893
FILUSDT,1781542800000,2026-06-15T17:00:00+00:00,PRE_MOVE,0.08100929614873831,0.03430749682337986,0.35505465221695576,1.0526273455285748,0.032119158469614995,-0.0589680589680589,0.02211302211302213,-0.07371007371007365,-0.06347733561605906,0.00450927664800016
FILUSDT,1785067200000,2026-07-26T12:00:00+00:00,PRE_MOVE,0.03528757988330078,0.025598678777869477,0.2802228125510371,1.1633770444264546,0.029888770118008612,-0.07380568974771862,0.0143585614600108,-0.09084809447128284,-0.0028866657768700232,-0.0709190239708486
FLOWUSDT,1781535600000,2026-06-15T15:00:00+00:00,BREAKOUT,0.053958111466098746,0.0923473142016189,0.8790986875366189,0.9377826671149707,0.0031214862192052717,-0.01347254968002698,0.08487706298416975,-0.020208824520040358,-0.07302319010832947,0.05955064042830249
FLOWUSDT,1785254400000,2026-07-28T16:00:00+00:00,BREAKOUT,0.06910736322501032,0.002700617283950546,1.7788167512448685,0.8514015404837306,0.08222570578177679,0.06579453636013843,0.1304347826086958,-0.035013466717968345,-0.018284910965323364,0.0840794473254618
FLOWUSDT,1785535200000,2026-07-31T22:00:00+00:00,BREAKOUT,0.1400144717800289,0.260904361744698,0.6164113685628239,0.9819367787087975,0.16948812026816829,-0.15264995239606483,0.006029831799428509,-0.17962551570929863,0.010663305608844764,-0.1633132580049096
FLOWUSDT,1786471200000,2026-08-11T18:00:00+00:00,BREAKOUT,0.047790507364975365,0.23210161662817552,1.2559105414364127,1.0375135786796434,0.05583699190144531,-0.04436113714464218,0.06591690096844749,-0.0452983442674163,-0.007142575273272556,-0.037218561871369626
FLOWUSDT,1779418800000,2026-05-22T03:00:00+00:00,PRE_MOVE,0.00527338329170135,-0.0540611125620265,0.25871585108328343,1.0815326308679691,0.009106077415544478,-0.06819436775262289,0.02043070127001645,-0.09497515184980687,-0.00966040648314892,-0.058533961269473966
FLOWUSDT,1779735600000,2026-05-25T19:00:00+00:00,PRE_MOVE,0.03293768545994058,-0.03251806559199544,0.25925705797231346,1.071577821255029,0.024274498141971135,-0.09480034472852616,0.002298190175236803,-0.11462223498994539,-0.051803992853017955,-0.04299635187550821
FLOWUSDT,1781092800000,2026-06-10T12:00:00+00:00,PRE_MOVE,0.04822429906542047,-0.06936608031861935,0.5498113905631372,1.1551176783831885,0.06547190174607387,0.028887303851640622,0.06383737517831678,-0.024607703281027127,0.041789841658852245,-0.012902537807211623
FLOWUSDT,1784635200000,2026-07-21T12:00:00+00:00,PRE_MOVE,0.03202846975088969,-0.013978088401964461,0.40253559778431147,1.112228153033002,0.00262134705332584,-0.03869731800766285,0.004214559386973127,-0.045593869731800796,-0.026772306873678153,-0.011925011133984698
FLOWUSDT,1786035600000,2026-08-06T17:00:00+00:00,PRE_MOVE,0.05138036809815949,0.02046892445106052,0.26298856891901257,1.3510017926960571,0.05370528128080343,0.07148067104303424,0.1305616338439095,-0.007658643326039383,0.009087516703286225,0.062393154339748014
FLOWUSDT,1787324400000,2026-08-21T15:00:00+00:00,PRE_MOVE,0.09009009009009006,0.016478190630048628,0.7264504889457031,1.0522765858993735,0.02394531382643872,-0.044818817546090295,0.04799745708836611,-0.09853782581055315,0.023951110984488544,-0.06876992853057884
GALAUSDT,1778248800000,2026-05-08T14:00:00+00:00,BREAKOUT,0.1797385620915033,0.32883435582822096,0.6993980809280895,0.98647580904985,0.17993449345811852,-0.09418282548476442,0.0332409972299168,-0.0983379501385041,0.010024415086426375,-0.1042072405711908
GALAUSDT,1781478000000,2026-06-14T23:00:00+00:00,BREAKOUT,0.027027027027026973,0.04030418250950585,0.5771903915746333,0.9487567135436404,0.007096324213225813,-0.02266081871345027,0.025950292397660668,-0.03764619883040943,-0.018708686632542992,-0.003952132080907278
GALAUSDT,1783087200000,2026-07-03T14:00:00+00:00,BREAKOUT,0.08802060970373549,0.10558464223385666,0.5242675538622044,1.0153504763501755,0.08034910760708525,-0.1136543014996052,0.02446724546172052,-0.13812154696132584,-0.0019825273683720113,-0.11167177413123319
GALAUSDT,1784311200000,2026-07-17T18:00:00+00:00,BREAKOUT,0.07594936708860778,0.030303030303030276,0.7881128562946114,0.935999672520149,0.07590265055983281,-0.07466063348416296,0.004977375565610842,-0.10995475113122177,0.015504491584410474,-0.09016512506857344
GALAUSDT,1787299200000,2026-08-21T08:00:00+00:00,BREAKOUT,0.3245674740484428,0.16992665036674803,0.6908906353814035,1.003076350397159,0.21684898091115778,-0.010971786833855801,0.1938349007314526,-0.07941483803552774,-0.028209009827297016,0.017237222993441215
GALAUSDT,1780308000000,2026-06-01T10:00:00+00:00,PRE_MOVE,0.005517689061992792,-0.05404580152671756,0.8308459707661877,1.053375619837432,0.021025699593794744,-0.15106520335700457,0.016139444803098923,-0.17204648160103297,-0.14209930712442187,-0.008965896232582704
GALAUSDT,1781204400000,2026-06-11T19:00:00+00:00,PRE_MOVE,0.06805664830841862,-0.006222547584187388,1.9933745153870541,1.0527036145715616,0.04126073755597193,-0.04640883977900545,0.006998158379373898,-0.057090239410681365,0.003298850357729588,-0.04970769013673504
GALAUSDT,1781510400000,2026-06-15T08:00:00+00:00,PRE_MOVE,0.04661826518914802,0.047819433817903656,0.2894757685746896,1.077853497517916,0.028041077813812265,-0.0390653523183645,0.02482657904344654,-0.05293902884264334,-0.019047575506820236,-0.020017776811544263
GALAUSDT,1781992800000,2026-06-20T22:00:00+00:00,PRE_MOVE,0.06538762725137048,0.019482952416635335,1.1941482562374715,1.0538122686131615,0.05024884852940503,-0.1087835354649026,0.01764057331863289,-0.11833884601249534,-0.026239806742531457,-0.08254372872237115
GALAUSDT,1785538800000,2026-07-31T23:00:00+00:00,PRE_MOVE,0.03223981900452477,-0.07781707933299642,0.47393110473562894,1.052669625057942,0.061430552595258314,-0.008219178082191747,0.008767123287671152,-0.04493150684931513,0.010138418928442361,-0.018357597010634108
GRTUSDT,1778436000000,2026-05-10T18:00:00+00:00,BREAKOUT,0.08110091743119274,0.19658813972380185,0.6217924888337827,1.0053146052915063,0.07652539597632524,-0.058384249830278345,0.012898845892735933,-0.07671418873048208,-0.020683177591952373,-0.03770107223832597
GRTUSDT,1779775200000,2026-05-26T06:00:00+00:00,BREAKOUT,0.07267221801665413,0.11971552745950231,1.2856310884907551,0.940453521699015,0.07934395880731293,-0.07374735356386741,0.06033874382498228,-0.09491884262526473,-0.04055298699879539,-0.03319436656507202
GRTUSDT,1787169600000,2026-08-19T20:00:00+00:00,BREAKOUT,0.054711246200607855,0.028148148148148255,0.7026123954490302,1.0157672148938466,-0.014518390888357713,0.1887608069164266,0.3148414985590777,-0.0057636887608069065,0.12046754308052754,0.06829326383589907
GRTUSDT,1781510400000,2026-06-15T08:00:00+00:00,PRE_MOVE,0.04694598687531548,0.049064238745574196,0.25005684626750746,1.0757845069234322,0.028368799499979724,-0.06943105110896819,0.03567984570877525,-0.08775313404050156,-0.019047575506820236,-0.050383475602147954
GRTUSDT,1782770400000,2026-06-29T22:00:00+00:00,PRE_MOVE,0.025817555938037806,-0.07501293326435587,0.4239871888580897,1.0581058689695675,0.004028974956636899,0.01118568232662187,0.03076062639821031,-0.03691275167785235,0.01854077395506115,-0.007355091628439281
GRTUSDT,1783119600000,2026-07-03T23:00:00+00:00,PRE_MOVE,0.06626173384870238,0.07397107897664079,0.5870969767290908,1.077816528860153,0.04960768757681033,-0.04660797514241333,0.0031071983428274663,-0.07198342827550508,0.023305176175368203,-0.06991315131778153
GRTUSDT,1786294800000,2026-08-09T17:00:00+00:00,PRE_MOVE,0.014482758620689706,0.016586040082930298,0.2627844161496815,1.1026504059146238,0.01319523530545541,-0.06322229775662813,0.004078857919782353,-0.07138001359619306,-0.026390977443609076,-0.036831320313019056
GRTUSDT,1787238000000,2026-08-20T15:00:00+00:00,PRE_MOVE,0.08740740740740738,0.06919155134741461,0.5309623479596031,1.1284635007534511,0.030415446961605364,0.1580381471389647,0.2431880108991824,-0.01021798365122617,0.06482210164436908,0.09321604549459561
HBARUSDT,1779987600000,2026-05-28T17:00:00+00:00,BREAKOUT,0.06717467760844076,0.010546181172291336,2.980953630641273,0.9410592585601859,0.08481272876413393,0.04482038888278583,0.2064154674283203,-0.03405470723937165,0.0022184982766173533,0.04260189060616848
HBARUSDT,1781524800000,2026-06-15T12:00:00+00:00,BREAKOUT,0.055498851747894706,0.006570142353084396,0.741202933911808,1.0107121590476633,0.02078950384877687,-0.019581772029493516,0.024779402876828227,-0.04303154841049184,-0.032806992491939524,0.013225220462446008
HBARUSDT,1784685600000,2026-07-22T02:00:00+00:00,BREAKOUT,0.05050806933652141,0.04628664979907726,0.7660802148076973,1.0477865219506082,0.03679267898011718,0.0031294452347083723,0.05945945945945952,-0.011948790896159411,-0.03428772298259586,0.03741716821730423
HBARUSDT,1787148000000,2026-08-19T14:00:00+00:00,BREAKOUT,0.032697547683923744,0.041049900808789896,0.8169509346308279,0.8882819441145663,0.013960186127052854,0.1206391087657579,0.27308707124010545,-0.0014658457930226687,0.1687973096838029,-0.04815820091804501
HBARUSDT,1778310000000,2026-05-09T07:00:00+00:00,PRE_MOVE,0.03326679973386559,0.06212242106463006,0.3050170953825113,1.058187571636859,0.026401727843365252,0.0262931959647994,0.06922086284610418,-0.01921013092938395,0.007825975253705098,0.0184672207110943
HBARUSDT,1779156000000,2026-05-19T02:00:00+00:00,PRE_MOVE,0.0018960517510593355,-0.06417335139076996,0.2880431028765069,1.0501653905042203,0.004801946081701147,-0.0013358566180562415,0.010241567405098628,-0.022932205276633533,0.013736156122121201,-0.015072012740177443
HBARUSDT,1779451200000,2026-05-22T12:00:00+00:00,PRE_MOVE,0.030849495293183704,-0.021846749892380557,0.281950903802481,1.1024988749515012,0.02764795213125515,-0.0160633733083948,0.00242050830674434,-0.061062823192870486,-0.0021370140906140644,-0.013926359217780737
HBARUSDT,1781532000000,2026-06-15T14:00:00+00:00,PRE_MOVE,0.07218355246197494,0.007509689922480689,0.5555178506207119,1.0758216570799213,0.0315510323732231,-0.03173839865352257,0.019235393123346878,-0.04820870401538835,-0.04159435511620191,0.009855956462679338
HBARUSDT,1782961200000,2026-07-02T03:00:00+00:00,PRE_MOVE,0.04836415362731161,-0.008609093354856046,0.25765527544822553,1.0566299344447194,0.016873320496785027,0.020217096336499374,0.05332428765264585,-0.044911804613297246,0.027955414211023877,-0.007738317874524503
HBARUSDT,1784628000000,2026-07-21T10:00:00+00:00,PRE_MOVE,0.03363126798969862,0.03284892521949745,0.30304548334630654,1.0537560089995506,0.004375117213024415,0.03590795837608107,0.0916019346328596,-0.0020518833357761057,-0.018640862984442563,0.054548821360523636
HBARUSDT,1786950000000,2026-08-17T07:00:00+00:00,PRE_MOVE,0.007995079950799289,-0.04626127436718075,0.5271136474934908,1.0783711270757461,0.0007101572975771742,0.0887736424649177,0.0962477120195242,-0.006711409395973145,0.09957554710324668,-0.010801904638328974
HBARUSDT,1787238000000,2026-08-20T15:00:00+00:00,PRE_MOVE,0.0663582477952871,0.11034171308143925,0.45280285554239597,1.1002955723956949,0.00936628734948508,0.07592190889370931,0.1774674620390455,-0.028741865509761544,0.06482210164436908,0.011099807249340232
ICPUSDT,1778284800000,2026-05-09T00:00:00+00:00,BREAKOUT,0.19867768595041313,0.5436355896126008,0.6086073014533735,0.9961696176406691,0.19369999907097912,-0.08052950910093759,0.12686155543298416,-0.09928295642581353,0.016402866573641317,-0.09693237567457891
ICPUSDT,1779451200000,2026-05-22T12:00:00+00:00,BREAKOUT,0.08790771678599851,0.019001490312965608,1.048058502169257,0.9821979018355943,0.08470617362406996,-0.03290676416819005,0.005118829981718642,-0.1265082266910421,-0.0021370140906140644,-0.030769750077575986
ICPUSDT,1779800400000,2026-05-26T13:00:00+00:00,BREAKOUT,0.015908250092489862,0.08623417721518978,0.792033358148029,0.980810773185039,0.017239391161102624,-0.03168244719592139,0.12563729060451578,-0.06300072833211945,-0.052909874713727545,0.021227427517806152
ICPUSDT,1780340400000,2026-06-01T19:00:00+00:00,BREAKOUT,0.14618564449455085,0.12091142962146262,1.3455684035062503,0.9226965380483226,0.17272059530512562,-0.08557377049180315,0.05639344262295087,-0.1449180327868852,-0.1113677327409146,0.025793962249111457
ICPUSDT,1781366400000,2026-06-13T16:00:00+00:00,BREAKOUT,0.10656807307525007,0.10704960835509136,0.9483054041431858,1.046124192087531,0.10586441153332427,-0.07468553459119498,0.03026729559748431,-0.0778301886792453,0.027104734343601722,-0.1017902689347967
ICPUSDT,1786388400000,2026-08-10T19:00:00+00:00,BREAKOUT,0.06013667425968117,0.10388994307400368,0.6250919550691738,0.9845933677580917,0.07757250243082237,-0.06574989256553498,0.029651912333476638,-0.08465835840137514,-0.009837981042594701,-0.05591191152294028
ICPUSDT,1787220000000,2026-08-20T10:00:00+00:00,BREAKOUT,0.07530807850296672,0.07974335472044003,1.3008961151289031,1.0185747287736544,-0.04195119949789938,0.029711375212224223,0.15237691001697784,-0.12945670628183348,0.06677299515686697,-0.03706161994464274
ICPUSDT,1781326800000,2026-06-13T05:00:00+00:00,PRE_MOVE,0.07072953736654797,0.06835330670217488,0.4480450032542991,1.0676194524759492,0.06698176423553859,0.005816368923971638,0.08890735355213963,-0.017033651848774367,0.03891281396084323,-0.03309644503687159
ICPUSDT,1782982800000,2026-07-02T09:00:00+00:00,PRE_MOVE,0.056612749762131376,-0.016386182462356014,0.3324070145121625,1.0543870804359872,0.018626551199300234,-0.014407924358397106,0.03466906798739311,-0.021161638901395885,0.0235563999764552,-0.037964324334852306
ICPUSDT,1786208400000,2026-08-08T17:00:00+00:00,PRE_MOVE,0.07426928605654037,0.09365853658536594,0.35000683812845557,1.1714780264582139,0.06892640071309897,0.00267618198037467,0.06868867082961638,-0.039250669045495123,-0.02314008192212791,0.02581626390250258
ICPUSDT,1786752000000,2026-08-15T00:00:00+00:00,PRE_MOVE,0.06143970655662545,0.10606784519827994,0.4602149897839387,1.0754837160558957,0.06971930150353778,-0.014686825053995545,0.0038876889848811214,-0.046220302375809874,0.0216806341152882,-0.036367459169283745
ICPUSDT,1787184000000,2026-08-20T00:00:00+00:00,PRE_MOVE,0.07886290692342968,0.08683602771362597,0.6441823731873924,1.0610027337082286,0.0023853101726065695,0.003399915002124887,0.15384615384615374,-0.12834679133021676,0.11412311155498478,-0.11072319655285989
IMXUSDT,1778752800000,2026-05-14T10:00:00+00:00,BREAKOUT,0.047643442622950616,0.16590649942987445,1.340086516797649,1.0022272057076147,0.06294935029224791,-0.1276283618581906,0.041564792176039145,-0.1462102689486552,-0.013919275745001847,-0.11370908611318875
IMXUSDT,1781535600000,2026-06-15T15:00:00+00:00,BREAKOUT,0.08457711442786087,0.08457711442786087,0.7821933095076368,1.0194493604969495,0.03374048918096739,-0.10681520314547843,0.004587155963302614,-0.10878112712975097,-0.07302319010832947,-0.03379201303714896
IMXUSDT,1783310400000,2026-07-06T04:00:00+00:00,BREAKOUT,0.057079318013343316,0.16981132075471717,2.742799149707628,1.0384458438383515,0.049823073518039385,-0.01192145862552596,0.028751753155680237,-0.07152875175315576,-0.013005412465272759,0.0010839538397467985
IMXUSDT,1787238000000,2026-08-20T15:00:00+00:00,BREAKOUT,0.13087934560327197,0.010968921389396868,0.7104036920584049,0.9873790728619722,0.07388738515746995,0.1708860759493671,0.20795660036166352,-0.018083182640144635,0.06482210164436908,0.10606397430499803
IMXUSDT,1779739200000,2026-05-25T20:00:00+00:00,PRE_MOVE,0.04120541205412054,-0.0005903187721368885,1.3159922591083006,1.0647469980131938,0.03331648851509161,-0.053160070880094557,0.02421736562315413,-0.09509746012994691,-0.04777347537727994,-0.005386595502814617
IMXUSDT,1781532000000,2026-06-15T14:00:00+00:00,PRE_MOVE,0.07491166077738542,0.06886858749121583,0.5529139422375224,1.055259628639638,0.03427914068863358,-0.06574621959237348,0.011176857330703394,-0.07955292570677186,-0.04159435511620191,-0.02415186447617157
IMXUSDT,1781791200000,2026-06-18T14:00:00+00:00,PRE_MOVE,-0.019323671497584516,0.012108262108262213,0.5698432258129287,1.1779532241727226,0.0004742766340350979,0.0028149190710766714,0.0337790288529205,-0.04292751583391974,0.005266202705690004,-0.0024512836346133327
IMXUSDT,1783242000000,2026-07-05T09:00:00+00:00,PRE_MOVE,0.01382488479262678,0.07931316434995916,0.2528259067098202,1.0683690911972057,0.011674915209173298,0.013636363636363669,0.19015151515151496,-0.0037878787878787845,-0.009083023563784876,0.022719387200148544
IMXUSDT,1784664000000,2026-07-21T20:00:00+00:00,PRE_MOVE,0.039262820512820706,-0.01593323216995446,0.3652143188684194,1.1758077888988352,0.023514029868743958,-0.04626060138781807,0.0007710100231301809,-0.053199691595990806,-0.033660872211625725,-0.012599729176192342
IMXUSDT,1786212000000,2026-08-08T18:00:00+00:00,PRE_MOVE,0.02933088909257564,0.04271123491179196,0.2943401065127804,1.109066359606483,0.02464552113202423,-0.014247551202137054,0.010685663401602818,-0.030276046304541393,-0.025575518377981887,0.011327967175844833
IMXUSDT,1786528800000,2026-08-12T10:00:00+00:00,PRE_MOVE,0.019766397124887813,0.0365296803652968,0.5295180228647589,1.0688288922730382,0.02122889321165944,-0.04052863436123355,0.007929515418502175,-0.06079295154185027,-0.017092124021624855,-0.023436510339608696
INJUSDT,1778234400000,2026-05-08T10:00:00+00:00,BREAKOUT,0.052358735095904496,0.13281249999999978,0.6018514461052751,1.0361081019195366,0.06025106182857776,0.07980295566502482,0.08251231527093594,-0.008866995073891548,0.009212560018861726,0.0705903956461631
INJUSDT,1778493600000,2026-05-11T10:00:00+00:00,BREAKOUT,0.05842588121680348,0.18743228602383533,0.602788611872366,0.9766682998663906,0.05763044846056098,0.19776459854014594,0.38594890510948887,-0.020757299270073082,-0.016944208215493584,0.21470880675563953
INJUSDT,1779793200000,2026-05-26T11:00:00+00:00,BREAKOUT,0.0594221333817917,0.1981093300452117,0.6722987965404945,0.9795401451918981,0.06154711818485237,0.03704974271012018,0.09210977701543732,-0.09999999999999998,-0.048037753114229975,0.08508749582435016
INJUSDT,1780063200000,2026-05-29T14:00:00+00:00,BREAKOUT,0.1899472891566263,0.1888282866277975,0.5323774679457578,0.940341442863319,0.1890116406755138,0.06913463059642466,0.11564625850340127,-0.005537098560354448,-0.02076621346786056,0.08990084406428522
INJUSDT,1780340400000,2026-06-01T19:00:00+00:00,BREAKOUT,0.1477593230962082,0.2953138815207781,0.6015921365916224,1.0205466162457593,0.17429427390678298,-0.24614334470989763,0.0019112627986348496,-0.24887372013651887,-0.1113677327409146,-0.13477561196898302
INJUSDT,1781593200000,2026-06-16T07:00:00+00:00,BREAKOUT,0.11019862490450727,0.02721328856688454,0.8018462897953826,1.0047789386583295,0.09954390988081085,-0.1286771030448992,0.0507483227249268,-0.13452606227421293,-0.05651498228112928,-0.07216212076376993
INJUSDT,1783360800000,2026-07-06T18:00:00+00:00,BREAKOUT,0.05988023952095811,0.04755865567533313,0.9661183741169284,1.0302370426674805,0.0457357269101879,-0.01210653753026647,0.00625504439063751,-0.08656174334140443,-0.007473808689971162,-0.004632728840295308
INJUSDT,1784559600000,2026-07-20T15:00:00+00:00,BREAKOUT,0.038574505580575735,0.12253968253968273,0.7026202990364456,1.016826007268108,0.022695710565609373,-0.02941176470588247,0.034125188536953344,-0.042986425339366585,-0.0096034625538165,-0.01980830215206597
INJUSDT,1787212800000,2026-08-20T08:00:00+00:00,BREAKOUT,0.12523629489603016,0.042697613312896676,1.2641826491029278,0.9575615243791338,0.013787976188256446,0.025619487610248015,0.12011759764804708,-0.055018899622007456,0.06883536471186646,-0.04321587710161845
INJUSDT,1787562000000,2026-08-24T09:00:00+00:00,BREAKOUT,0.09240121580547123,0.3151988289826786,0.6282632199176748,0.9339324690307065,0.07925779574646952,0.019476905954368462,0.12539417547764797,-0.025412724911890283,0.031098880409356155,-0.011621974454987694
INJUSDT,1778248800000,2026-05-08T14:00:00+00:00,PRE_MOVE,0.0752212389380531,0.14084507042253525,0.6352193321286905,1.059994184691616,0.07541717030466832,0.04793028322440085,0.09174534011135305,-0.009924957637375997,0.010024415086426375,0.037905868137974474
INJUSDT,1783353600000,2026-07-06T16:00:00+00:00,PRE_MOVE,0.05233685117381004,0.03080168776371317,0.7054009751101225,1.0548284489876845,0.034793888163524356,-0.002865329512893977,0.020671305771592374,-0.07347523536635281,-0.016319156683995195,0.013453827171101218
INJUSDT,1784016000000,2026-07-14T08:00:00+00:00,PRE_MOVE,0.05244388504300401,0.057100716392751716,0.4724456392380685,1.0752502229530172,0.060276109549888934,-0.026310544149890536,0.04245565078732305,-0.040263105441498914,0.0028302443678296374,-0.029140788517720173
INJUSDT,1784545200000,2026-07-20T11:00:00+00:00,PRE_MOVE,0.04930693069306935,0.11510942760942777,0.28096865343363997,1.0735254525551554,0.0411589859892334,-0.024532930741649528,0.035100962445744566,-0.0420834119645217,0.008536142390119794,-0.03306907313176932
INJUSDT,1785394800000,2026-07-30T07:00:00+00:00,PRE_MOVE,0.068904200933541,-0.06184159188451033,0.35771991470216813,1.0726949418698954,0.07753619089310027,0.024121438968600417,0.058847993345809924,-0.011436889166146935,-0.008030396096396109,0.032151835064996526
INJUSDT,1786489200000,2026-08-11T23:00:00+00:00,PRE_MOVE,0.0641406071673134,-0.04525906205201724,0.33082767070865926,1.0677112478041724,0.06988511797678432,-0.08386958386958387,0.007722007722007929,-0.10896610896610892,-0.008761718995784262,-0.07510786487379961
JTOUSDT,1779307200000,2026-05-20T20:00:00+00:00,BREAKOUT,0.30470446320868505,0.09142280524722501,4.39671946084601,1.0240725589447441,0.2955678848072809,-0.06342455621301779,0.026812130177514826,-0.13590976331360938,-0.005570317045916928,-0.05785423916710086
JTOUSDT,1780329600000,2026-06-01T16:00:00+00:00,BREAKOUT,0.17383476695339062,0.12177403938061548,1.631872973368758,1.0393425635272386,0.20053140191479868,0.01192910702113159,0.18404907975460127,-0.07208588957055218,-0.11194517016901573,0.12387427719014732
JTOUSDT,1781532000000,2026-06-15T14:00:00+00:00,BREAKOUT,0.4290826897720852,0.16329346826126967,2.8343227972083196,1.079376604385494,0.38845016968333335,-0.04982206405693956,0.15921971793857903,-0.10280743376828794,-0.04159435511620191,-0.008227708940737655
JTOUSDT,1782486000000,2026-06-26T15:00:00+00:00,BREAKOUT,0.22100623195014424,0.1113724405091312,0.9327027762275908,1.0066708528990942,0.20823417058243843,-0.04979459728619451,0.10158097846383662,-0.06311465206025146,-0.00823263666608065,-0.04156196062011386
JTOUSDT,1786341600000,2026-08-10T06:00:00+00:00,BREAKOUT,0.09007782101167305,0.12307075566245751,0.507377110355367,1.0114780939313315,0.08313120183851064,0.032304122791361856,0.05211493842584325,-0.05336426914153136,-0.020815587408002045,0.0531197101993639
JTOUSDT,1781524800000,2026-06-15T12:00:00+00:00,PRE_MOVE,0.21824720802574293,0.007987470634299054,1.095853164475887,1.0533410470765838,0.1835378601266251,0.1173088875077688,0.3665320074580485,0.00015537600994419698,-0.032806992491939524,0.15011587999970832
JTOUSDT,1783911600000,2026-07-13T03:00:00+00:00,PRE_MOVE,0.06995257452574521,-0.13536819052833282,0.30976949436827206,1.0551192895670016,0.0920952558835888,-0.026278296659806966,0.09229064429317702,-0.05714738008548359,0.028875346048595096,-0.05515364270840206
JTOUSDT,1785808800000,2026-08-04T02:00:00+00:00,PRE_MOVE,0.030148706457526986,-0.10352774330792414,0.26926773127718695,1.1074090103096186,0.01931191269090138,-0.03539648012655727,0.03638520862171246,-0.07435238283567336,0.008889961647150502,-0.044286441773707774
JTOUSDT,1786953600000,2026-08-17T08:00:00+00:00,PRE_MOVE,0.030973451327433565,0.06523650430807115,0.3253924093089675,1.0561765473248494,0.026046381791666295,-0.05595906239683068,0.0021459227467810482,-0.10267414988445034,0.1296051624227903,-0.18556422481962098
KASUSDT,1778486400000,2026-05-11T08:00:00+00:00,BREAKOUT,0.060556907272235616,0.14707602339181292,0.5193389740251277,0.9348034665875281,0.061465355719024006,-0.05913841447871537,0.0451185317359164,-0.07137394850879442,-0.011730136254904044,-0.04740827822381133
KASUSDT,1780520400000,2026-06-03T21:00:00+00:00,BREAKOUT,0.12247690728703398,0.02531249999999985,1.2544932225265537,0.927209981491099,0.14903464797627652,-0.07711063700091425,0.003352636391344088,-0.13349588540079238,-0.07635240178525249,-0.0007582352156617622
KASUSDT,1780920000000,2026-06-08T12:00:00+00:00,BREAKOUT,0.08646864686468647,0.10432740691043274,0.5552284165025636,0.9673624862825903,0.0545733031581741,-0.077460510328068,0.0030376670716889542,-0.09386391251518833,-0.01356733939493604,-0.06389317093313196
KASUSDT,1781517600000,2026-06-15T10:00:00+00:00,BREAKOUT,0.05096549540993989,0.019342953638317395,0.6297231720015,0.9725375904215086,0.02926600994501305,-0.069578313253012,0.04879518072289146,-0.07951807228915664,-0.02784713294588881,-0.041731180307123195
KASUSDT,1782777600000,2026-06-30T00:00:00+00:00,BREAKOUT,0.0906495360456816,0.04051753489955745,0.5393366119348204,0.9435675876346459,0.08781909268221622,0.010798429319371694,0.048429319371727786,-0.04973821989528793,0.02470985401154735,-0.013911424692175656
KASUSDT,1785139200000,2026-07-27T08:00:00+00:00,BREAKOUT,0.038068382093761066,0.06164383561643838,0.626330086985541,0.9006441825888927,0.0274725878281199,-0.06112054329371819,0.012224108658743571,-0.08149405772495755,-0.01309013863939934,-0.04803040465431885
KASUSDT,1786881600000,2026-08-16T12:00:00+00:00,BREAKOUT,0.05664830841856783,0.017424242424242342,0.8907407400151051,1.0430555663041443,0.05732101676776691,-0.046537602382725196,0.0029784065524944836,-0.06515264333581527,0.029703237524290937,-0.07624083990701613
KASUSDT,1787173200000,2026-08-19T21:00:00+00:00,BREAKOUT,0.06809184481393515,0.06682483194938715,1.9723295789949153,0.9269918362671604,-0.011025784026501118,0.06893995552260934,0.18458117123795414,-0.026686434395848835,0.10300193298136895,-0.03406197745875961
KASUSDT,1779102000000,2026-05-18T11:00:00+00:00,PRE_MOVE,-0.00550884314294009,-0.11643482740855238,0.25526870865939144,1.064835863011988,0.008737407088330151,-0.004373177842565523,0.025947521865889334,-0.021865889212827838,-0.0012633486505728708,-0.0031098291919926524
KASUSDT,1779393600000,2026-05-21T20:00:00+00:00,PRE_MOVE,0.01968731905037635,-0.06825396825396823,0.3053413034675079,1.1809016860206216,0.019792880870983187,-0.05877342419080078,0.015332197614991383,-0.08035207268597389,-0.013290606323562937,-0.045482817867237846
KASUSDT,1781100000000,2026-06-10T14:00:00+00:00,PRE_MOVE,0.027468933943753937,-0.03471582181259614,0.5223709642141514,1.0538501610064166,0.016752256113881092,0.009229789942711841,0.014322087842139064,-0.045830681094844006,0.03247344412489461,-0.02324365418218277
KASUSDT,1783728000000,2026-07-11T00:00:00+00:00,PRE_MOVE,0.02368866328257191,-0.03539540816326525,0.5967989836471184,1.0507686077363838,0.007761022453408817,-0.0575206611570247,0.003966942148760477,-0.08528925619834704,-0.024487401330314684,-0.033033259826710015
KASUSDT,1784138400000,2026-07-15T18:00:00+00:00,PRE_MOVE,0.010150507525376273,-0.017029972752043654,1.1159642014179667,1.066050882430643,0.005604771283432841,-0.04435204435204432,0.010048510048509929,-0.05509355509355518,-0.005553893277645328,-0.03879815107439899
KASUSDT,1784574000000,2026-07-20T19:00:00+00:00,PRE_MOVE,0.012567324955116588,-0.006692497358224747,0.4959089176626146,1.1418852425780162,0.001995939392848145,-0.011702127659574457,0.02127659574468077,-0.017375886524822692,-0.00458543012593815,-0.007116697533636307
KASUSDT,1786417200000,2026-08-11T03:00:00+00:00,PRE_MOVE,0.008805513016845179,0.019736842105263053,0.33630208293220787,1.1325215338542678,0.0216730468601376,-0.04516129032258065,0.004933586337760865,-0.0497153700189753,-0.01283093149817427,-0.03233035882440638
KASUSDT,1786885200000,2026-08-16T13:00:00+00:00,PRE_MOVE,0.04685039370078736,0.0015065913370997386,0.9649749167939552,1.0564328258286098,0.04677424105916339,-0.040616773223016045,0.00037608123354648804,-0.05566002256487401,0.030902927052910867,-0.07151970027592691
LDOUSDT,1778475600000,2026-05-11T05:00:00+00:00,BREAKOUT,0.09759797724399477,0.1508483563096501,1.6588998830646573,1.0130155812505373,0.09587347166011773,-0.11448974890578201,0.04031329186823318,-0.1287721723105275,-0.012727738524428767,-0.10176201038135324
LDOUSDT,1781539200000,2026-06-15T16:00:00+00:00,BREAKOUT,0.09178931061192874,0.04022140221402193,0.5546983199984683,0.9924688347706633,0.04158888441289199,-0.05072720822986865,0.06420716566158213,-0.06243348705214613,-0.06641756912382335,0.015690360893954702
LDOUSDT,1783353600000,2026-07-06T16:00:00+00:00,BREAKOUT,0.039732640178240075,0.11464968152866262,0.6258118463257878,0.9612985769388479,0.02218967716795439,0.09714285714285698,0.2250000000000001,-0.023214285714285743,-0.016319156683995195,0.11346201382685217
LDOUSDT,1784210400000,2026-07-16T14:00:00+00:00,BREAKOUT,0.14755095832065712,0.20434227330779065,0.9644384778863904,1.0103677323038571,0.16062833329923887,-0.05010604453870615,0.03313891834570515,-0.0628313891834571,0.0007921252518989785,-0.05089816979060513
LDOUSDT,1784581200000,2026-07-20T21:00:00+00:00,BREAKOUT,0.09559032716927462,0.22682382924498246,0.5618646234995262,1.0240368430107478,0.08216044194758365,0.006751493118670515,0.07089067774604008,-0.008569202804466491,-0.0018556969590167727,0.008607190077687288
LDOUSDT,1787169600000,2026-08-19T20:00:00+00:00,BREAKOUT,0.09680605861047087,0.15060449050086366,0.7579923422498966,1.0523130790484607,0.0275764215215053,0.09666766736715693,0.20084058841188845,-0.021014710297208028,0.12046754308052754,-0.02379987571337061
LDOUSDT,1779321600000,2026-05-21T00:00:00+00:00,PRE_MOVE,0.022727272727272707,-0.07834101382488479,0.25463571072412794,1.1500636412515288,0.007508587172517567,-0.027499999999999858,0.01694444444444443,-0.10027777777777769,-0.01432840877156294,-0.013171591228436919
LDOUSDT,1780322400000,2026-06-01T14:00:00+00:00,PRE_MOVE,-0.004662729250854869,-0.0859263488438482,0.3259683704092915,1.0573769517713165,0.022818469004419417,-0.1214865708931917,0.045908806995627716,-0.17207995003123044,-0.1065654765648476,-0.014921094328344098
LDOUSDT,1781096400000,2026-06-10T13:00:00+00:00,PRE_MOVE,-0.0011398176291792517,-0.15656079563683012,0.2805576743865352,1.0527844291518356,0.0007960994975020341,0.007227082540889995,0.0342335488779002,-0.047926968429060524,0.031342204851916966,-0.02411512231102697
LDOUSDT,1782698400000,2026-06-29T02:00:00+00:00,PRE_MOVE,0.005286701911346059,-0.09217774513404331,0.25373794618188117,1.1742416026466271,0.011765281846543574,0.0060679611650484855,0.04571197411003247,-0.04854368932038844,0.011062802498505775,-0.004994841333457289
LDOUSDT,1783018800000,2026-07-02T19:00:00+00:00,PRE_MOVE,0.04183427192276756,0.06672158154859975,0.26992227809032987,1.0518370682881348,0.017625938589434176,0.05559845559845544,0.0683397683397684,-0.008880308880308996,0.0210162320491436,0.03458222354931184
LDOUSDT,1785132000000,2026-07-27T06:00:00+00:00,PRE_MOVE,0.08674568965517238,0.14245256301331044,0.9849284656435451,1.0698219959520705,0.0715443743090014,-0.1110560237977194,0.010907288051561714,-0.13039167079821512,-0.021615586957851596,-0.0894404368398678
LDOUSDT,1787151600000,2026-08-19T15:00:00+00:00,PRE_MOVE,0.0781352593565332,0.12388774811772763,0.37422948573065584,1.0846830703340378,0.021060631017294273,0.08221680876979276,0.21802679658952484,-0.038063337393422714,0.12363459649727049,-0.04141778772747773
LINKUSDT,1781517600000,2026-06-15T10:00:00+00:00,BREAKOUT,0.05359625837441562,0.058547117094234435,0.6389570293524813,1.046970786830891,0.03189677290948878,-0.037792441511697805,0.03395320935812829,-0.05410917816436722,-0.02784713294588881,-0.009945308565808997
LINKUSDT,1786410000000,2026-08-11T01:00:00+00:00,BREAKOUT,0.022826614861583217,0.025690977718251684,0.564947573710797,1.0173857279707517,0.04041521380378166,0.05080721747388428,0.056980056980056926,-0.007359924026590581,-0.007514064466955905,0.058321281940840186
LINKUSDT,1786759200000,2026-08-15T02:00:00+00:00,BREAKOUT,0.10088315217391308,0.18921232876712346,0.5502905430769687,1.1673373877262931,0.10598269171780772,-0.037128458294765077,0.002674071788542509,-0.05163015530186166,0.015217005526542593,-0.05234546382130767
LINKUSDT,1787151600000,2026-08-19T15:00:00+00:00,BREAKOUT,0.046543535620052756,0.12964228753702445,0.7614285173956659,1.0460575695082563,-0.010531092719186175,0.17184348527632087,0.2731948366276724,-0.0071601452198466475,0.12363459649727049,0.048208888779050385
LINKUSDT,1779818400000,2026-05-26T18:00:00+00:00,PRE_MOVE,-0.019753344481605373,-0.010445241612154432,0.5794236911539707,1.0848605490747487,0.002038204407142974,-0.043074954686000644,0.0107687386715003,-0.06759782492803079,-0.03270265066088485,-0.010372304025115797
LINKUSDT,1782943200000,2026-07-01T22:00:00+00:00,PRE_MOVE,0.037357122943964205,0.004996623902768338,0.29252820654792977,1.070694742456832,0.005424140381199427,0.07739854877721042,0.0983606557377048,-0.01894651975275463,0.045021779662278716,0.0323767691149317
LINKUSDT,1783926000000,2026-07-13T07:00:00+00:00,PRE_MOVE,0.0005018820577165073,0.003397508493771184,0.25299370396788,1.0612041493705362,0.01465394825624955,0.06759468271883629,0.08251818409831957,-0.02332580887885627,0.019813288389536998,0.04778139432929929
LINKUSDT,1784566800000,2026-07-20T17:00:00+00:00,PRE_MOVE,0.029415295953896026,0.09979476654694719,1.6796910940016372,1.057715466177663,0.013296263095867511,-0.013995801259622076,0.021693491952414323,-0.01912759505481687,-0.01381330079316656,-0.0001825004664555152
LINKUSDT,1785081600000,2026-07-26T16:00:00+00:00,PRE_MOVE,0.02904761904761899,0.03757051974552872,0.31084602013110585,1.1441150609943758,0.02095954300007219,-0.041994447015270664,0.031929662193428854,-0.05275335492827393,-0.01411746522411128,-0.027876981791159383
LINKUSDT,1785675600000,2026-08-02T13:00:00+00:00,PRE_MOVE,0.023103533481591443,-0.020463685829193334,0.3372481280458559,1.0818617720901462,0.022178675422714678,-0.016060862214708482,0.020770438352855747,-0.026446081391136467,0.020477058403993942,-0.036537920618702424
LINKUSDT,1786438800000,2026-08-11T09:00:00+00:00,PRE_MOVE,0.05355191256830616,0.06388718577559782,0.8960952260706112,1.066344999462895,0.06371650787081873,0.01636698939603498,0.026279391424619547,-0.021207929921622792,-0.02360106407803242,0.0399680534740674
LINKUSDT,1786766400000,2026-08-15T04:00:00+00:00,PRE_MOVE,0.07518198362147399,0.1447081617825139,0.9187138603172567,1.1019746866753692,0.07924513131389344,-0.0035967417750977226,0.01872421453506834,-0.02454247328890291,0.017307920909775287,-0.02090466268487301
LTCUSDT,1778454000000,2026-05-10T23:00:00+00:00,BREAKOUT,0.04157322753148196,0.09245521982992577,0.5587988785757134,1.0421748370106743,0.02242869792858504,-0.05664127194435242,0.0029811195760185427,-0.06873136800265,-0.035160390227519045,-0.021480881716833378
LTCUSDT,1781528400000,2026-06-15T13:00:00+00:00,BREAKOUT,0.04870277651342736,0.0733752620545074,0.5376864256738811,0.9849630705006627,0.015674582852140073,-0.04513888888888884,0.0056423611111111605,-0.04926215277777768,-0.03701958115246318,-0.008119307736425663
LTCUSDT,1785081600000,2026-07-26T16:00:00+00:00,BREAKOUT,0.03943661971830981,0.01717557251908408,0.8684289310068654,1.0402492366509184,0.03134854367076301,-0.05795288722117997,0.005628517823639934,-0.06587450489889513,-0.01411746522411128,-0.04383542199706869
LTCUSDT,1787151600000,2026-08-19T15:00:00+00:00,BREAKOUT,0.033265444670739885,0.013990672884743427,0.6761979325445013,1.0692037602250748,-0.023809183668499045,0.13753832676303124,0.21528690319754729,-0.0028471309680244694,0.12363459649727049,0.01390373026576075
LTCUSDT,1784098800000,2026-07-15T07:00:00+00:00,PRE_MOVE,0.03581267217630835,0.029431895961670174,0.46226891791842406,1.100188392097638,0.003855058434358405,0.007757092198581672,0.021054964539007237,-0.023714539007092195,-0.008490887676667502,0.016247979875249174
LTCUSDT,1784430000000,2026-07-19T03:00:00+00:00,PRE_MOVE,0.02875329236172064,0.047140303842716724,0.37794369585162424,1.0911799012018475,0.017856192056201703,-0.006614038830808466,0.026882867505867436,-0.010881160657136735,0.02303251977219456,-0.029646558603003026
LTCUSDT,1785074400000,2026-07-26T14:00:00+00:00,PRE_MOVE,0.02394427514148889,-0.005076142131979711,0.44454832585200044,1.0532064326700894,0.016005380478701037,-0.044642857142857206,0.025510204081632626,-0.04676870748299311,-0.009416082316130558,-0.03522677482672665
LTCUSDT,1787148000000,2026-08-19T14:00:00+00:00,PRE_MOVE,0.020513976555455393,0.00711902113459395,0.3673011035381799,1.0727984612768444,0.0017766149985845026,0.14667550254031347,0.22575657168102503,-0.002208968411751777,0.1687973096838029,-0.022121807143489436
MANAUSDT,1781521200000,2026-06-15T11:00:00+00:00,BREAKOUT,0.049848942598187396,0.03115727002967361,0.5452517283060763,1.0429823732151489,0.023802504510212597,-0.025899280575539696,0.02446043165467615,-0.02877697841726623,-0.03402072758037222,0.008121447004832527
MANAUSDT,1781935200000,2026-06-20T06:00:00+00:00,BREAKOUT,0.07854984894259842,0.06726457399103136,0.890603450200901,1.0215559961352012,0.06510995940134268,-0.0056022408963587456,0.14565826330532206,-0.021008403361344574,-0.01262753099984304,0.007025290103484294
MANAUSDT,1783072800000,2026-07-03T10:00:00+00:00,BREAKOUT,0.107981220657277,0.120253164556962,4.602999228711414,1.0269805542622874,0.09739800911551821,-0.026836158192090398,0.11723163841807915,-0.038135593220339103,0.014720472606347679,-0.04155663079843808
MANAUSDT,1783566000000,2026-07-09T03:00:00+00:00,BREAKOUT,0.11991084695393761,0.17034161490683242,3.1493918609766,0.973187115535423,0.13262820880663362,-0.044978108000530814,0.003184290831895753,-0.07522887090354258,0.0364641098039975,-0.08144221780452832
MANAUSDT,1787173200000,2026-08-19T21:00:00+00:00,BREAKOUT,0.050592885375494,0.04513998112614015,0.5753513070071983,1.0622354010345438,-0.02852474346494227,0.11106094808126432,0.22964635063957872,-0.012189616252821556,0.10300193298136895,0.008059015099895372
MANAUSDT,1778284800000,2026-05-09T00:00:00+00:00,PRE_MOVE,0.06427015250544654,0.08676307007786432,0.30896359712042876,1.1244711937889063,0.059292465626012536,0.025588536335721557,0.048106448311156624,-0.026612077789150423,0.016402866573641317,0.00918566976208024
MANAUSDT,1781524800000,2026-06-15T12:00:00+00:00,PRE_MOVE,0.06818181818181812,0.041358936484490405,0.6069759962560033,1.0691438550094015,0.033472470282700284,-0.036879432624113306,0.009929078014184523,-0.04255319148936154,-0.032806992491939524,-0.004072440132173782
MANAUSDT,1782676800000,2026-06-28T20:00:00+00:00,PRE_MOVE,-0.0015600624024961762,-0.14093959731543615,0.26945398788466846,1.0758781202872587,0.009038416513366454,-0.014062499999999978,0.017187500000000133,-0.050000000000000044,0.007819364791897376,-0.021881864791897354
MANAUSDT,1783058400000,2026-07-03T06:00:00+00:00,PRE_MOVE,0.07886435331230301,0.05882352941176472,3.0440578548949304,1.0780757218517365,0.055080833304866905,0.0029239766081869956,0.1564327485380117,-0.007309941520467822,0.020786147972211566,-0.01786217136402457
MANAUSDT,1785704400000,2026-08-02T21:00:00+00:00,PRE_MOVE,0.021554341226472484,-0.016513225193628633,0.509974611727982,1.0679060681076624,0.009281569070662687,-0.007578008915304579,0.01634472511144147,-0.020505200594353568,0.018094713656387595,-0.025672722571692175
MINAUSDT,1778292000000,2026-05-09T02:00:00+00:00,BREAKOUT,0.052508204406938486,0.14307535641547853,0.540588585965005,0.9649603233947426,0.04080897835573882,0.0019302152932443306,0.07483296213808477,-0.04558277654046017,0.010503961223799152,-0.008573745930554821
MINAUSDT,1781503200000,2026-06-15T06:00:00+00:00,BREAKOUT,0.03797468354430378,0.04532577903682711,0.7792781887367595,1.0296050729990993,0.014397852643871056,-0.03432700993676607,0.03184281842818426,-0.04990966576332423,-0.026121660863880347,-0.008205349072885726
MINAUSDT,1782918000000,2026-07-01T15:00:00+00:00,BREAKOUT,0.08353478377652435,0.031186094069529657,1.7141055071920333,1.016087544937815,0.05333576464916501,0.1641051065939514,0.20302429350520557,-0.02231036192364888,0.04641333366600975,0.11769177292794164
MINAUSDT,1783321200000,2026-07-06T07:00:00+00:00,BREAKOUT,0.11919235779418158,0.3389610389610389,1.201982967113263,1.076501719273464,0.11809068480691742,-0.12609117361784672,0.024054316197866132,-0.1390882638215324,-0.0014397957646536952,-0.12465137785319302
MINAUSDT,1787065200000,2026-08-18T15:00:00+00:00,BREAKOUT,0.01760563380281699,0.04385964912280693,0.6027206644785708,0.9663349359123965,0.0074139395661110274,0.2881858625803262,0.29980227385071667,-0.01952545724172039,0.19122422439871722,0.09696163818160897
MINAUSDT,1787335200000,2026-08-21T18:00:00+00:00,BREAKOUT,0.1802388707926168,0.37769328263624846,0.6571882687915178,1.0301086259927932,0.11508549723740003,0.08242870285188597,0.17810487580496792,-0.03900643974241036,0.02316917243507799,0.05925953041680798
MINAUSDT,1787828400000,2026-08-27T11:00:00+00:00,BREAKOUT,0.09574297188755021,0.535569563259793,0.5433852549235985,1.0797853224420204,0.08302666722656249,-0.03577188095587169,0.00791672775252894,-0.17182231344377663,-0.01634690792181792,-0.019424973034053772
MINAUSDT,1779829200000,2026-05-26T21:00:00+00:00,PRE_MOVE,-0.017180304640453503,-0.021340388007054734,0.25957264592813,1.0567268693922762,0.0019144034566958013,-0.008109569291764318,0.04793656514687328,-0.0452333753829518,-0.03267294105240959,0.02456337176064527
MINAUSDT,1781535600000,2026-06-15T15:00:00+00:00,PRE_MOVE,0.08806544754571721,0.032184432777904615,0.5571525319969288,1.050138994660076,0.03722882229882374,-0.09752321981424161,0.010393631136665249,-0.10039805395842549,-0.07302319010832947,-0.02450002970591214
MINAUSDT,1782144000000,2026-06-22T16:00:00+00:00,PRE_MOVE,0.009722551576950345,-0.05503772747447855,0.4896661167226941,1.065304471840883,0.0007802647282253439,-0.10192578675434472,0.0004697040864254376,-0.13292625645843115,-0.08364852687272872,-0.018277259881615993
MINAUSDT,1783760400000,2026-07-11T09:00:00+00:00,PRE_MOVE,0.0013446884805019543,-0.03727644904115501,0.49173076084054634,1.052080695385732,0.004722541943190217,-0.036929274843330306,0.0026857654431513556,-0.0572963294538944,-0.023990147015262808,-0.012939127828067498
MINAUSDT,1784228400000,2026-07-16T19:00:00+00:00,PRE_MOVE,0.07328174783796082,0.05127061970575131,0.358643274125364,1.0751591547383168,0.0840667559990892,-0.07739609838846484,0.00593723494486853,-0.08439355385920266,0.00305876565963481,-0.08045486404809965
MINAUSDT,1784872800000,2026-07-24T06:00:00+00:00,PRE_MOVE,-0.004384042086803985,-0.0010996261271166707,0.30518836544066463,1.1298302978902646,0.0005062308926130354,-0.026199911933069253,0.0843240863055923,-0.04403346543372966,-0.0008190508789516215,-0.02538086105411763
MINAUSDT,1786647600000,2026-08-13T19:00:00+00:00,PRE_MOVE,0.052437417654809027,-0.017707820954254716,0.43936815062813483,1.084250741629827,0.05255572370150996,-0.010015022533800821,0.013520280420630915,-0.033299949924887495,-0.004814837018082496,-0.005200185515718325
MINAUSDT,1787104800000,2026-08-19T02:00:00+00:00,PRE_MOVE,0.029540200359619684,0.0319258496395467,0.6649774617163247,1.1013274547090581,0.02566811495836485,0.4151696606786428,0.46232534930139746,-0.0024950099800398196,0.2199213023206643,0.1952483583579785
NEARUSDT,1778616000000,2026-05-12T20:00:00+00:00,BREAKOUT,0.04954954954954949,0.2498084291187741,0.5715227366549855,1.0397071410595597,0.06326586863097061,-0.0570202329858982,0.03617412630288164,-0.07541385652973631,-0.01953586058460044,-0.03748437240129776
NEARUSDT,1779382800000,2026-05-21T17:00:00+00:00,BREAKOUT,0.09686946249261652,0.16135084427767366,0.5769864125540431,1.0201664662580439,0.09307772924491964,0.3107162089391493,0.35110393107162086,-0.01938610662358642,-0.015026127088014984,0.3257423360271643
NEARUSDT,1787155200000,2026-08-19T16:00:00+00:00,BREAKOUT,0.04027261462205689,0.02440512507626602,0.5091990397844686,0.9456634143165036,-0.015680117201406496,0.13043478260869557,0.27933293627159017,-0.05419892793329362,0.1295953424413312,0.0008394401673643692
NEARUSDT,1778659200000,2026-05-13T08:00:00+00:00,PRE_MOVE,0.03580562659846542,0.13684210526315788,0.9199462800882543,1.0719963498099534,0.03130672502354037,-0.07654320987654328,0.008024691358024638,-0.08456790123456792,-0.03414817461588693,-0.042395035260656355
NEARUSDT,1785819600000,2026-08-04T05:00:00+00:00,PRE_MOVE,0.029737609329446135,0.06642512077294693,0.3405603753889024,1.078762018567442,0.014071979288634129,-0.07644394110985275,0.0,-0.08267270668176663,0.008260731189943638,-0.08470467229979639
OPUSDT,1780480800000,2026-06-03T10:00:00+00:00,BREAKOUT,0.055067837190742264,0.04340962904498813,0.5366827313046689,1.0019315282844754,0.08897724357504122,-0.28063540090771566,0.0075642965204236745,-0.3222390317700454,-0.09968331846565559,-0.18095208244206007
OPUSDT,1787230800000,2026-08-20T13:00:00+00:00,BREAKOUT,0.11147421931735657,0.055517241379310356,1.461793014361282,1.0100600396860882,0.008685998814187412,0.22770336491342702,0.3445497114232823,-0.0015245562452357309,0.0810466107666783,0.14665675414674872
OPUSDT,1780405200000,2026-06-02T13:00:00+00:00,PRE_MOVE,0.08152645273200343,-0.06028636021100231,0.460032597651276,1.0534704662568897,0.12211017321786999,-0.19807538091419408,0.06816359262229366,-0.19887730553327987,-0.11758437771210173,-0.08049100320209235
OPUSDT,1781334000000,2026-06-13T07:00:00+00:00,PRE_MOVE,0.10334029227557417,0.10449320794148398,0.2531063610772586,1.0713590827804012,0.09133074679580289,0.010406811731314969,0.06433301797540203,-0.014191106906338735,0.039449171861951404,-0.029042360130636435
OPUSDT,1785103200000,2026-07-26T22:00:00+00:00,PRE_MOVE,0.023758099352051865,-0.002105263157894832,0.2998877008868386,1.0550338093385034,0.008114459328192547,-0.06751054852320659,0.012658227848101333,-0.10126582278481011,-0.02244867683112406,-0.045061871692082534
OPUSDT,1786356000000,2026-08-10T10:00:00+00:00,PRE_MOVE,0.030646992054483624,0.05581395348837215,0.3202945747116641,1.0628046065502104,0.029702860609207793,-0.04405286343612336,0.02312775330396466,-0.07378854625550668,-0.02092363749390269,-0.023129225942220666
OPUSDT,1787238000000,2026-08-20T15:00:00+00:00,PRE_MOVE,0.11572000942729188,0.09078341013824875,0.7815523769814154,1.053293703368369,0.058728048981489867,0.188212927756654,0.3040768905787916,-0.017743979721166037,0.06482210164436908,0.12339082611228491
POLUSDT,1780329600000,2026-06-01T16:00:00+00:00,BREAKOUT,0.040501553484243225,0.004499196572040676,0.9834551468989898,1.0293633791947754,0.06719818844565129,-0.024314812839927535,0.021328783192918754,-0.06835875013330506,-0.11194517016901573,0.0876303573290882
POLUSDT,1783353600000,2026-07-06T16:00:00+00:00,BREAKOUT,0.025697102241662106,0.06243805748265596,0.5267995737574458,0.9268778808849361,0.008154139231376423,0.008928571428571397,0.03464818763326227,-0.01759061833688702,-0.016319156683995195,0.025247728112566592
POLUSDT,1783706400000,2026-07-10T18:00:00+00:00,BREAKOUT,0.04363827549947419,0.08722442831712995,0.6058213065615332,1.0461108878945347,0.03426799268212344,0.03060453400503782,0.04345088161209065,-0.011964735516372671,-0.028133621770754957,0.05873815577579278
POLUSDT,1785826800000,2026-08-04T07:00:00+00:00,BREAKOUT,0.015473093249349645,0.014361920393927141,0.5389478818803193,1.162274891014226,-0.0017098883294714984,0.010517799352750767,0.0249460625674216,-0.007146709816612806,0.009775941821837275,0.0007418575309134923
POLUSDT,1787284800000,2026-08-21T04:00:00+00:00,BREAKOUT,0.033935817041681915,0.14314845024469824,1.3556109986363465,0.8491812998087112,-0.045370344002991336,0.26864074206207644,0.44666428826257576,-0.0030919253181115325,0.02533127617838571,0.24330946588369073
POLUSDT,1787634000000,2026-08-25T05:00:00+00:00,BREAKOUT,0.09282009282009285,0.5155224634023219,1.0128650375928432,1.0483613115919268,0.04653499559986929,-0.11882754600716139,0.0694479140644515,-0.13339995003747196,-0.013034368855292522,-0.10579317715186887
POLUSDT,1778292000000,2026-05-09T02:00:00+00:00,PRE_MOVE,0.045933887649564076,0.0750390828556542,0.36203768584464147,1.1273351972796268,0.03423466159836441,-0.01260300533204084,0.01715947649054761,-0.028889966068831874,0.010503961223799152,-0.02310696655583999
POLUSDT,1779062400000,2026-05-18T00:00:00+00:00,PRE_MOVE,-0.0011010790574763618,-0.12769230769230766,0.260950026529849,1.0903723648684047,0.008392551213304511,0.007054673721340388,0.010692239858906438,-0.02447089947089942,0.009762140155515464,-0.0027074664341750765
POLUSDT,1779465600000,2026-05-22T16:00:00+00:00,PRE_MOVE,0.018838652482269458,0.014342453662842036,0.28363100822248266,1.0887385140848092,0.02211597288083511,0.015336088753534982,0.018381553186861188,-0.051664128779638774,0.010150324129089894,0.005185764624445088
POLUSDT,1779757200000,2026-05-26T01:00:00+00:00,PRE_MOVE,0.020673557852617597,0.013799955840141376,0.2818404348000776,1.1716077241363057,0.02311551266475098,-0.050963737340738224,0.020363715561363405,-0.06065555918545129,-0.04118079506972305,-0.009782942271015171
POLUSDT,1780117200000,2026-05-30T05:00:00+00:00,PRE_MOVE,0.03825136612021862,0.011086474501108556,0.30373674487846447,1.0549590113290286,0.03954781073963409,0.012061403508771829,0.0390350877192982,-0.01853070175438598,-0.04529717606279937,0.0573585795715712
POLUSDT,1781488800000,2026-06-15T02:00:00+00:00,PRE_MOVE,0.016007408387352706,-0.029813036887316846,0.2778947583105247,1.0518901801312541,0.0008126837946451637,0.007161458333333481,0.03671875000000013,-0.015755208333333215,-0.01187541361438993,0.01903687194772341
POLUSDT,1783702800000,2026-07-10T17:00:00+00:00,PRE_MOVE,0.04891591750396618,0.08640284814459798,0.6196034929907202,1.0651645084337134,0.037994531519401464,0.029745399546256657,0.044239979833627485,-0.011217544744139052,-0.03020186822142812,0.059947267767684775
POLUSDT,1783962000000,2026-07-13T17:00:00+00:00,PRE_MOVE,0.018322323320453693,0.08846256328270719,1.2148844021216916,1.0590143545927897,0.05225346806138387,0.014075887392900777,0.044308445532435625,-0.0009791921664625836,0.035046947977439125,-0.020971060584538348
POLUSDT,1785794400000,2026-08-03T22:00:00+00:00,PRE_MOVE,0.00302447071762435,-0.015650296815974185,0.5819756117102457,1.0852636726420342,3.384009836193691e-05,0.02700109649122817,0.041803728070175294,-0.010827850877192957,0.011483370971699047,0.015517725519529124
POLUSDT,1786093200000,2026-08-07T09:00:00+00:00,PRE_MOVE,0.008330027766759063,0.06330172894590058,0.8579763278010946,1.076021758485307,0.005856675469511297,0.019669551534225116,0.028455284552845628,-0.023472331497508492,0.002038297150087187,0.01763125438413793
POLUSDT,1786957200000,2026-08-17T09:00:00+00:00,PRE_MOVE,0.008507244450352225,-0.02430555555555547,0.3868817688305195,1.1272488614435006,0.0032163316050768387,0.07631474891261347,0.11941478845393427,-0.004217740872545117,0.1341615829331917,-0.05784683402057822
RENDERUSDT,1779721200000,2026-05-25T15:00:00+00:00,BREAKOUT,0.1148785425101213,0.2531285551763367,0.5101459264412032,0.9745072466335227,0.09859036156002321,-0.10576486609169311,0.10531093962778049,-0.12392192464820695,-0.060423626577579714,-0.045341239514113396
RENDERUSDT,1787155200000,2026-08-19T16:00:00+00:00,BREAKOUT,0.03314917127071837,0.04469273743016755,0.5761644417877172,1.0709412575481936,-0.022803560552745017,0.12375859434682979,0.25210084033613445,-0.0030557677616500634,0.1295953424413312,-0.005836748094501409
RENDERUSDT,1778652000000,2026-05-13T06:00:00+00:00,PRE_MOVE,0.01364829396325451,0.0,0.25097293093734896,1.0554034894083693,0.014195275747402758,-0.05126877265665453,0.011910926980838843,-0.07250129466597621,-0.028851475558894002,-0.022417297097760525
RENDERUSDT,1779440400000,2026-05-22T09:00:00+00:00,PRE_MOVE,0.045714285714285596,0.07131452900478963,0.26619403985997314,1.0668875876953527,0.04992837701701969,0.0024838549428711776,0.04371584699453557,-0.12419274714356687,0.003820380019101899,-0.0013365250762307213
RENDERUSDT,1783018800000,2026-07-02T19:00:00+00:00,PRE_MOVE,0.051861702127659726,0.050464807436918946,0.378629400566191,1.0603638918802447,0.02765336879432634,0.012010113780025256,0.036662452591656125,-0.01074589127686476,0.0210162320491436,-0.009006118269118346
RENDERUSDT,1784559600000,2026-07-20T15:00:00+00:00,PRE_MOVE,0.019568151147098423,0.00465425531914887,0.6229121092991514,1.0644735660381222,0.00368935613213206,-0.012574454003970836,0.035076108537392514,-0.017207147584381022,-0.0096034625538165,-0.0029709914501543366
RENDERUSDT,1786420800000,2026-08-11T04:00:00+00:00,PRE_MOVE,-0.014797507788162134,-0.07190022010271468,0.45395619193207026,1.1338301169428733,0.0003393176643574636,-0.0039525691699603405,0.012648221343873445,-0.030830039525691633,-0.01011141147241279,0.00615884230245245
RENDERUSDT,1786939200000,2026-08-17T04:00:00+00:00,PRE_MOVE,0.012728719172633296,-0.008566978193146557,0.32849569376345733,1.0596903767826902,0.005503475859868656,0.07541241162608014,0.10133542812254515,-0.0219952867242732,0.09396290167416388,-0.018550490048083734
RENDERUSDT,1787198400000,2026-08-20T04:00:00+00:00,PRE_MOVE,0.08650793650793642,0.08135860979462883,3.251222020109953,1.1014056356802544,0.005701097007832168,0.019722425127830512,0.19722425127830534,-0.006574141709276726,0.10262794670704256,-0.08290552157921205
RUNEUSDT,1778241600000,2026-05-08T12:00:00+00:00,BREAKOUT,0.06600071352122727,0.1812611187981814,0.7510241051017159,1.1480829379105713,0.07994204626283363,0.0010040160642568186,0.03296519410977239,-0.03748326639892896,0.012825737989388353,-0.011821721925131534
RUNEUSDT,1787140800000,2026-08-19T12:00:00+00:00,BREAKOUT,0.054881010199125724,0.01614035087719312,1.5695443072528001,1.045968635730311,0.044556138130646294,0.08770718232044183,0.14042357274401462,-0.04949355432780855,0.19177949128317096,-0.10407230896272912
RUNEUSDT,1787626800000,2026-08-25T03:00:00+00:00,BREAKOUT,0.052732707087959074,0.20828228375398172,0.5983401430918505,1.0520745522302728,0.006812774478099026,0.026972216588927234,0.27215574934090436,-0.06185357939566005,-0.008380811756751427,0.03535302834567866
RUNEUSDT,1778245200000,2026-05-08T13:00:00+00:00,PRE_MOVE,0.05133728235505286,0.14327542455592424,0.9585614461017693,1.1272509173321115,0.06184096442322562,0.0223663991804679,0.05395253542769329,-0.017927266518695473,0.017842697871185864,0.0045237013092820355
RUNEUSDT,1781481600000,2026-06-15T00:00:00+00:00,PRE_MOVE,0.027814221988979204,0.1301211771494517,0.3121767453327673,1.0504151824453576,0.011197488701420344,0.059484299208578006,0.09828950727597663,-0.016083737554250632,-0.017663901060199882,0.07714820026877789
RUNEUSDT,1782046800000,2026-06-21T13:00:00+00:00,PRE_MOVE,0.06210392902408102,0.12242164478971329,0.33595694277371546,1.1561360201840905,0.05018624186336895,-0.022911694510739822,0.022911694510739933,-0.07040572792362765,-0.04389986775457244,0.02098817324383262
RUNEUSDT,1783843200000,2026-07-12T08:00:00+00:00,PRE_MOVE,0.0067264573991032695,-0.023205221174764312,0.30254298883843855,1.0529705061326755,0.01120967335935208,0.041573867854491464,0.05666914130165801,-0.015837663944568203,0.012406257232031814,0.02916761062245965
RUNEUSDT,1784289600000,2026-07-17T12:00:00+00:00,PRE_MOVE,0.005314009661835817,0.036612702366126904,0.26225827355866205,1.0704828356577978,0.018830207359296303,0.05838539163863521,0.08217203267659778,-0.008169149447381119,0.02462666808299474,0.03375872355564047
RUNEUSDT,1785229200000,2026-07-28T09:00:00+00:00,PRE_MOVE,0.025712300208478256,-0.022084805653710182,0.9255854339061131,1.0560786958463784,0.05432603774572853,-0.020325203252032575,0.01806684733513997,-0.03545618789521243,0.005068820441927802,-0.025394023693960377
RUNEUSDT,1785654000000,2026-08-02T07:00:00+00:00,PRE_MOVE,0.03137346037648148,0.03934426229508192,0.2889865400977518,1.0878187242272417,0.02425662688340946,0.00045065344749883884,0.011041009463722329,-0.019152771518701983,0.010602176526475438,-0.010151523078976599
RUNEUSDT,1786104000000,2026-08-07T12:00:00+00:00,PRE_MOVE,0.028913485430314134,0.055864626796476635,0.33849375700150786,1.095620867856528,0.015453822488724844,-0.048957189901207565,0.005488474204171201,-0.05883644346871564,-0.00644814286436679,-0.042509047036840775
RUNEUSDT,1786784400000,2026-08-15T09:00:00+00:00,PRE_MOVE,0.0045498084291186736,-0.06528520499108736,0.3411753091283325,1.123242556445084,0.000802431354080424,-0.022646007151370662,0.007389749702026105,-0.03289630512514896,0.01811771914201943,-0.04076372629339009
SAGAUSDT,1778479200000,2026-05-11T06:00:00+00:00,BREAKOUT,0.16744913928012517,0.253781512605042,0.7971659260335184,0.9577475311080397,0.16632522354282653,0.27792672028596965,2.038427167113494,-0.030384271671134888,-0.012637593188324914,0.29056431347429457
SAGAUSDT,1779696000000,2026-05-25T08:00:00+00:00,BREAKOUT,0.15918580375782887,0.07450411223996123,1.7304561919134902,0.9374687714242131,0.15109212752831525,-0.1859522737505629,0.18550202611436273,-0.21161638901395763,-0.05332184654808758,-0.1326304272024753
SAGAUSDT,1781640000000,2026-06-16T20:00:00+00:00,BREAKOUT,0.10973724884080371,0.12275215011727925,0.5487341367575083,1.0148257304057762,0.11974783696285596,-0.08495821727019492,0.027158774373259087,-0.12674094707520878,-0.03959953816237238,-0.04535867910782254
SAGAUSDT,1782032400000,2026-06-21T09:00:00+00:00,BREAKOUT,0.11385767790262169,0.125662376987131,2.6501555793028326,0.9855404683771365,0.10618116520576382,-0.061197041022192256,0.20242098184263613,-0.06792199058507054,-0.023985119131077037,-0.03721192189111522
SAGAUSDT,1784538000000,2026-07-20T09:00:00+00:00,BREAKOUT,0.06623058053965658,0.03574265289912626,0.7083007949247904,0.9407947907074365,0.07117048304402895,0.005368098159509227,0.0644171779141105,-0.046779141104294486,0.022302521479791615,-0.016934423320282388
SAGAUSDT,1784930400000,2026-07-24T22:00:00+00:00,BREAKOUT,0.13145539906103298,0.1746547522339561,2.9180073952709926,0.9615930883554763,0.1471940167637933,-0.15629322268326418,0.026970954356846377,-0.161134163208852,-0.005883114230337938,-0.15041010845292624
SAGAUSDT,1786086000000,2026-08-07T07:00:00+00:00,BREAKOUT,0.0936106983655276,0.20853858784893275,0.8125648989254421,0.9456438510551992,0.10133572745979302,0.02309782608695654,0.4999999999999998,-0.109375,0.013907533026696672,0.009190293060259869
SAGAUSDT,1787313600000,2026-08-21T12:00:00+00:00,BREAKOUT,0.13914924297043996,0.2382445141065832,0.5437382066341978,1.04430574446466,0.06549440306336352,-0.032911392405063356,0.06012658227848089,-0.2670886075949368,0.02483940431008902,-0.057750796715152375
SAGAUSDT,1782954000000,2026-07-02T01:00:00+00:00,PRE_MOVE,0.05702811244979933,-0.03377386196769461,0.7134084003260064,1.0535531083587593,0.033053661591209815,0.05623100303951367,0.13221884498480252,-0.01823708206686936,0.04505070656691612,0.01118029647259755
SAGAUSDT,1784149200000,2026-07-15T21:00:00+00:00,PRE_MOVE,0.016733067729083784,0.0007843137254903709,0.27357551619479636,1.0950619011698663,0.014412882114234637,-0.023510971786833812,0.008620689655172376,-0.05799373040752365,-0.0015802469135802744,-0.021930724873253538
SAGAUSDT,1785664800000,2026-08-02T10:00:00+00:00,PRE_MOVE,0.04939271255060729,-0.02114803625377648,0.7838545205046117,1.0583668068080518,0.047050937084988975,0.03395061728395077,0.05555555555555558,-0.023919753086419693,0.013554047615655929,0.02039656966829484
SAGAUSDT,1786957200000,2026-08-17T09:00:00+00:00,PRE_MOVE,0.014404852160727843,-0.1214707813525936,0.2737329584011634,1.072238917648796,0.009113939315452457,0.036621823617339455,0.04484304932735417,-0.02391629297458886,0.1341615829331917,-0.09753975931585224
SANDUSDT,1781478000000,2026-06-14T23:00:00+00:00,BREAKOUT,0.02294455066921608,0.008672699849170407,0.7128239950442896,0.977809659520512,0.0030138478554149195,-0.016261682242990627,0.04504672897196271,-0.035887850467289706,-0.018708686632542992,0.002447004389552365
SANDUSDT,1781935200000,2026-06-20T06:00:00+00:00,BREAKOUT,0.10288309636650861,0.07673028725660291,1.234440992871578,0.9767161692191363,0.08944320682525286,-0.05801253357206804,0.15147717099373348,-0.06732318710832585,-0.01262753099984304,-0.045385002572225
SANDUSDT,1782997200000,2026-07-02T13:00:00+00:00,BREAKOUT,0.028469000421763146,0.05791757049891544,0.713466562627926,0.9115701380370117,-0.012739749206157391,0.0270658191511175,0.08611851548082838,-0.022759893377076068,0.013832201377728559,0.01323361777338894
SANDUSDT,1787212800000,2026-08-20T08:00:00+00:00,BREAKOUT,0.08690012970168604,0.08045384218669405,1.3722526121177014,0.9595628000639368,-0.024548189006087684,0.0610978520286396,0.24415274463007175,-0.011455847255369966,0.06883536471186646,-0.007737512683226866
SANDUSDT,1779422400000,2026-05-22T04:00:00+00:00,PRE_MOVE,0.011840837119647452,-0.06202935545628596,0.2520308654542083,1.0550621047496138,0.016630979887955144,-0.03347394203292975,0.008436521975778932,-0.08490951149816295,-0.003387018019863408,-0.03008692401306634
SANDUSDT,1779804000000,2026-05-26T14:00:00+00:00,PRE_MOVE,0.0002769315978952136,0.03023388476896738,0.4663584931698892,1.0704313047342267,0.010612117059631165,-0.0692137320044297,0.0006921373200441394,-0.09343853820597992,-0.049533259792698736,-0.01968047221173097
SANDUSDT,1780142400000,2026-05-30T12:00:00+00:00,PRE_MOVE,0.0400655347036043,0.018226888305628464,0.40925861584558354,1.060233729033716,0.03458505422312386,-0.06701990548474868,0.023342402978662413,-0.07203207790347999,-0.0634795653088791,-0.003540340175869572
SANDUSDT,1781204400000,2026-06-11T19:00:00+00:00,PRE_MOVE,0.04913758523866818,-0.10657557643040128,0.2671772914455859,1.0968050007951105,0.022341674486221486,-0.023704836551328712,0.01720512330338364,-0.03536608679028874,0.003298850357729588,-0.0270036869090583
SANDUSDT,1781506800000,2026-06-15T07:00:00+00:00,PRE_MOVE,0.029474500678689175,0.029274912756882543,0.8356832855199254,1.0512389774920363,0.01005749235467368,-0.023544923714447163,0.05311734789979283,-0.031267658692785916,-0.017854340874710384,-0.00569058283973678
SANDUSDT,1782810000000,2026-06-30T09:00:00+00:00,PRE_MOVE,0.003399915002124887,-0.0981665393430099,0.2832994290259434,1.060041084454558,0.014770649935401448,0.05887335874629396,0.07475645912748852,-0.037060567556120305,0.039395976659977405,0.019477382086316553
SANDUSDT,1784775600000,2026-07-23T03:00:00+00:00,PRE_MOVE,0.004194630872483174,-0.01074380165289257,0.2793871607051086,1.2015229210192941,0.012504202065969583,-0.06787802840434409,0.004385964912280826,-0.08270676691729317,-0.016883346437735813,-0.05099468196660828
SANDUSDT,1787238000000,2026-08-20T15:00:00+00:00,PRE_MOVE,0.05924640555280103,0.09874003599897141,0.7655809331351391,1.0732277237888335,0.0022544451069990146,0.07676105780482101,0.21998595834308454,-0.009127076995085304,0.06482210164436908,0.01193895616045193
SEIUSDT,1778346000000,2026-05-09T17:00:00+00:00,BREAKOUT,0.0803501641394404,0.18339041095890418,0.5996659542001186,0.9510997942416922,0.07115991792081133,0.008826508464766292,0.15453624656344944,-0.022717407032267434,-0.00338137335017219,0.012207881814938482
SEIUSDT,1779796800000,2026-05-26T12:00:00+00:00,BREAKOUT,0.05833872010342622,0.08176412289395452,0.9467369804210963,0.961083823054224,0.06127176823619451,-0.009467094212857075,0.1174225072530155,-0.02748511223087513,-0.04979189067548295,0.04032479646262588
SEIUSDT,1781272800000,2026-06-12T14:00:00+00:00,BREAKOUT,0.08324704907848424,0.09115561118064242,0.5983090444143675,0.9510156404474983,0.06296940775381876,0.05907092334161712,0.07532020646147952,-0.02848403746893524,0.04035109659064262,0.0187198267509745
SEIUSDT,1782356400000,2026-06-25T03:00:00+00:00,BREAKOUT,0.07598784194528885,0.04695009242144188,0.9722197570630555,1.0202137281280452,0.10550242301270651,-0.11264124293785316,0.054201977401129975,-0.12023305084745772,-0.011246608680791192,-0.10139463425706197
SEIUSDT,1783375200000,2026-07-06T22:00:00+00:00,BREAKOUT,0.01555333998005981,0.020845860893966783,0.9797254532936157,0.9086376318573567,0.007547639783409332,-0.02159827213822907,0.011977223640290635,-0.09778126840761836,-0.016209643266404283,-0.0053886288718247854
SEIUSDT,1787212800000,2026-08-20T08:00:00+00:00,BREAKOUT,0.09523809523809534,0.021482017861453206,2.133948012299184,1.0879155671833947,-0.016210223469678375,0.08317580340264641,0.20628544423440442,-0.015122873345935761,0.06883536471186646,0.014340438690779944
SEIUSDT,1779440400000,2026-05-22T09:00:00+00:00,PRE_MOVE,0.03453841187863138,-0.026427703523693724,0.5120831932879868,1.0544526523356155,0.03875250318136547,-0.03525741029641194,0.017004680187207466,-0.09531981279251178,0.003820380019101899,-0.03907779031551384
SEIUSDT,1779764400000,2026-05-26T03:00:00+00:00,PRE_MOVE,0.018439249259137203,0.013267813267813233,0.27602039496881203,1.0621243670437772,0.023115241933415298,0.06514710636922083,0.18299385709666982,-0.0003233107015842007,-0.04384501950958519,0.10899212587880602
SEIUSDT,1782374400000,2026-06-25T08:00:00+00:00,PRE_MOVE,0.11426947129050591,0.07299270072992692,1.054839410209805,1.0782135780144437,0.13157946125434383,-0.14404761904761898,0.015476190476190421,-0.15255102040816326,-0.02182490792135705,-0.12222271112626193
SEIUSDT,1783666800000,2026-07-10T07:00:00+00:00,PRE_MOVE,0.03256105197244841,-0.0012113870381585956,0.2673453096290923,1.0631332941659342,0.01696088872969792,-0.025065696381645353,0.03254497675358814,-0.04265211239134836,-0.015688886595649265,-0.009376809785996087
SEIUSDT,1785798000000,2026-08-03T23:00:00+00:00,PRE_MOVE,0.005323009920154886,-0.01165556612749774,0.265130747895042,1.0578568030518392,0.006153851776960595,-0.007460890493381389,0.012996389891696936,-0.01732851985559558,0.012643077175056527,-0.020103967668437916
SEIUSDT,1786352400000,2026-08-10T09:00:00+00:00,PRE_MOVE,0.0038544928932786604,0.008226469876603026,0.2770998823590207,1.0714712740341774,0.0024636101144737133,-0.0040796736261098365,0.005039596832253412,-0.05519558435325167,-0.018233445383586067,0.01415377175747623
SEIUSDT,1787238000000,2026-08-20T15:00:00+00:00,PRE_MOVE,0.07454819277108427,0.04542124542124548,0.8676637452923319,1.0747621094008677,0.01755623232528225,0.11702873160476535,0.19247839289885538,-0.006540527914038807,0.06482210164436908,0.05220662996039627
SNXUSDT,1778248800000,2026-05-08T14:00:00+00:00,BREAKOUT,0.06982466933251308,0.11510099390830386,0.6477386183144476,0.9819707576668024,0.0700206006991283,0.00661299597469811,0.07964347326049448,-0.018113858539390404,0.010024415086426375,-0.0034114191117282644
SNXUSDT,1779717600000,2026-05-25T14:00:00+00:00,BREAKOUT,0.07833333333333337,0.07439388907339772,0.5062516976439531,0.9290693692891293,0.062001665179432175,-0.08129829984544046,0.008964451313755895,-0.10015455950540952,-0.06023579877543239,-0.021062501070008066
SNXUSDT,1781521200000,2026-06-15T11:00:00+00:00,BREAKOUT,0.05434782608695654,0.013665594855305496,0.6963256678197853,0.9481707532631354,0.028301387998981742,-0.02339413164155424,0.051149881046788304,-0.026169706582077623,-0.03402072758037222,0.010626595938817984
SNXUSDT,1783900800000,2026-07-13T00:00:00+00:00,BREAKOUT,0.08796498905908079,0.07525951557093435,0.9685935341814489,1.0289216091032376,0.08422064514994809,-0.07884151246983095,0.002413515687851975,-0.10458567980691869,0.008002585811142104,-0.08684409828097306
SNXUSDT,1784592000000,2026-07-21T00:00:00+00:00,BREAKOUT,0.02314616373767686,0.042358078602620086,0.6349803208293903,0.9393360692699222,0.007448615462563035,-0.0825303728529535,0.03016338500209481,-0.08965228320067031,-0.008938203112960341,-0.07359216973999316
SNXUSDT,1787169600000,2026-08-19T20:00:00+00:00,BREAKOUT,0.05480167014613779,0.011511511511511419,1.1248455025459734,1.0229142199954757,-0.014427966942827775,0.12320633349826826,0.2488866897575459,-0.00643245917862445,0.12046754308052754,0.002738790417740722
SNXUSDT,1779282000000,2026-05-20T13:00:00+00:00,PRE_MOVE,0.01753246753246751,-0.0757888528457682,0.26536791781762625,1.054896925738016,0.013248580646861186,-0.04339502233567327,0.03828972559029986,-0.0727504786215698,-0.025845056643770792,-0.01754996569190248
SNXUSDT,1780938000000,2026-06-08T17:00:00+00:00,PRE_MOVE,0.03598014888337464,-0.13858321870701518,0.2884328204320945,1.0541732757970415,0.013613998127535165,-0.008782435129740529,0.003992015968063978,-0.06546906187624746,0.0014956107759542814,-0.01027804590569481
SNXUSDT,1784505600000,2026-07-20T00:00:00+00:00,PRE_MOVE,0.04151785714285716,-0.061544650040225135,0.3022541378664574,1.0861702815387293,0.04507734537955932,-0.04243463351907428,0.0540077153879126,-0.048435490784397794,0.023212348510677883,-0.06564698202975217
SNXUSDT,1784786400000,2026-07-23T06:00:00+00:00,PRE_MOVE,0.009834599910594433,-0.007032967032967075,1.0403475600943315,1.057189968662478,0.01201343426456103,-0.03895528995130593,0.02833111996458615,-0.05976095617529875,-0.02059358425380753,-0.0183617056974984
SNXUSDT,1785751200000,2026-08-03T10:00:00+00:00,PRE_MOVE,-0.0037842951750236553,-0.03350160624139509,0.29291866432136016,1.0636204694524165,0.003621916292178562,0.014719848053181384,0.05270655270655267,-0.006172839506172867,0.02998622202944401,-0.015266373976262626
SNXUSDT,1786086000000,2026-08-07T07:00:00+00:00,PRE_MOVE,0.004621072088724532,0.0192217533989687,0.39478703846783536,1.0682612956821194,0.012346101182989955,-0.028518859245630246,0.0018399264029438367,-0.04323827046918127,0.013907533026696672,-0.04242639227232692
SOLUSDT,1778511600000,2026-05-11T15:00:00+00:00,BREAKOUT,0.024132091447925497,0.14576672587329775,1.2647158550802775,0.9863699632875177,0.023861759406451633,-0.037825547747002974,0.016535758577924664,-0.07265398925175692,-0.0019397224194566132,-0.03588582532754636
SOLUSDT,1782745200000,2026-06-29T15:00:00+00:00,BREAKOUT,0.02511795725784083,0.010671774524558808,1.0163301851660886,1.0016435896943872,0.02594836800205269,0.09408420197644496,0.12075267361581155,-0.027345336401787046,0.02982933167447599,0.06425487030196897
SOLUSDT,1787371200000,2026-08-22T04:00:00+00:00,BREAKOUT,0.10820478426112246,0.3131125827814569,0.5376908143296046,0.942653228641341,0.06202547840423156,0.021989106314302953,0.03732096025822074,-0.12245309663102688,0.024162144868348223,-0.00217303855404527
SOLUSDT,1787634000000,2026-08-25T05:00:00+00:00,BREAKOUT,0.08084022915340539,0.34601664684898936,0.9735252583114171,1.0239603623142721,0.034555131933181826,0.05172752257557911,0.08559089124460151,-0.06929721240675302,-0.013034368855292522,0.06476189143087163
SOLUSDT,1778320800000,2026-05-09T10:00:00+00:00,PRE_MOVE,0.05385570735011869,0.1126475146024557,0.2697189934972988,1.0710844584771364,0.05297748903552457,0.017355903149774976,0.053781872723376756,-0.010927790872080623,0.0050017013013397005,0.012354201848435276
SOLUSDT,1779303600000,2026-05-20T19:00:00+00:00,PRE_MOVE,0.02170818505338068,-0.05247524752475263,0.2986812812397561,1.0644700657525847,0.010629779218527702,-0.014164634854289981,0.021943573667711602,-0.05538140020898641,-0.02165512053236751,0.00749048567807753
SOLUSDT,1781503200000,2026-06-15T06:00:00+00:00,PRE_MOVE,0.04651504035216414,0.08669815633094613,0.34057569493090667,1.0507180738592443,0.022938209451731417,-0.00042063937184499967,0.06646102075154259,-0.010235558048233173,-0.026121660863880347,0.025701021492035347
SOLUSDT,1782936000000,2026-07-01T20:00:00+00:00,PRE_MOVE,0.0505023079011675,0.14416678988614517,0.3903653395706519,1.0540825208185494,0.0267866303103792,0.05880072370121492,0.08503489273714138,-0.006849315068493178,0.051723535489839545,0.007077188211375374
SOLUSDT,1784480400000,2026-07-19T17:00:00+00:00,PRE_MOVE,0.008099853937060253,-0.01810657009829275,0.3167151236671497,1.0682097682628837,0.007013740670962498,0.029636459430979922,0.038856691253951636,-0.008034773445732335,0.02289987600743948,0.006736583423540443
SOLUSDT,1785690000000,2026-08-02T17:00:00+00:00,PRE_MOVE,0.019337785197551582,-0.0276045122760451,0.5085400514041938,1.0574600491810908,0.009834562684629677,0.01706018834447942,0.01869796642554933,-0.019107410945816694,0.022975772641147252,-0.005915584296667831
SOLUSDT,1787140800000,2026-08-19T12:00:00+00:00,PRE_MOVE,0.028342737173599364,0.022973502153765812,0.2530672259907938,1.081797240153997,0.018017865105119935,0.1973969631236443,0.31223682531580965,-0.0030623963251245057,0.19177949128317096,0.005617471840473343
STXUSDT,1778641200000,2026-05-13T03:00:00+00:00,BREAKOUT,0.07140158670192687,0.1440096813231142,0.6133361853843666,0.999589278891291,0.06907153658363474,-0.12517630465444296,0.05112834978843428,-0.13187588152327223,-0.02678499971065218,-0.09839130494379078
STXUSDT,1781470800000,2026-06-14T21:00:00+00:00,BREAKOUT,0.044623655913978544,0.05885558583106265,0.9370708008242472,1.0102459820535745,0.03144452401091935,-0.024189397838394244,0.031394750386001036,-0.034482758620689724,-0.01616006274086923,-0.008029335097525014
STXUSDT,1783836000000,2026-07-12T06:00:00+00:00,BREAKOUT,0.022595596755504044,0.04499703966844293,0.5159607620541027,0.9455263226258771,0.02973103135488364,-0.048158640226628746,0.005099150141643083,-0.08725212464589238,0.016570242292718973,-0.06472888251934772
STXUSDT,1787184000000,2026-08-20T00:00:00+00:00,BREAKOUT,0.09304274937133261,0.06362153344208799,0.546851926988366,1.0166288739570033,0.016565152620509505,0.7078220858895707,0.7745398773006136,-0.008435582822085785,0.11412311155498478,0.593698974334586
STXUSDT,1787482800000,2026-08-23T11:00:00+00:00,BREAKOUT,0.17126789366053163,0.873262469337694,1.0126216324897293,0.9994634947002091,0.16921831751184202,0.17808817110432118,0.2627673505019643,-0.034919249236141425,0.01483388532394958,0.1632542857803716
STXUSDT,1779138000000,2026-05-18T21:00:00+00:00,PRE_MOVE,-0.009155222638368765,-0.11256056653000368,0.28567124560655777,1.1326778761882041,0.007463080847608272,0.05711885762284741,0.06551868962620744,-0.030659386812263767,0.007436762860564716,0.04968209476228269
STXUSDT,1780297200000,2026-06-01T07:00:00+00:00,PRE_MOVE,0.0004312203536007697,-0.06526994359387583,0.34312431681999156,1.0618348271202473,0.014749962709692088,-0.14784482758620698,0.01896551724137918,-0.16594827586206895,-0.12661299520034752,-0.02123183238585946
STXUSDT,1782136800000,2026-06-22T14:00:00+00:00,PRE_MOVE,0.014810751508502529,-0.06707009581442258,1.4863817331230056,1.0690792236164395,0.001975442712494946,-0.11297297297297293,0.007567567567567712,-0.1443243243243243,-0.08460188165006244,-0.02837109132291049
STXUSDT,1782932400000,2026-07-01T19:00:00+00:00,PRE_MOVE,0.024752475247524774,-0.022432113341204207,0.2616396722610106,1.0680385002682211,0.004247120996099474,0.05676328502415462,0.06763285024154597,-0.012077294685990392,0.05446833333333334,0.0022949516908212786
STXUSDT,1785301200000,2026-07-29T05:00:00+00:00,PRE_MOVE,0.025679758308157163,-0.17846339987900783,0.41137859619196115,1.05359518151201,0.01577869014705313,0.00589101620029453,0.04786450662739328,-0.025036818851251974,-0.016324382897730194,0.022215399098024724
STXUSDT,1785686400000,2026-08-02T16:00:00+00:00,PRE_MOVE,0.020452885317750136,0.005035971223021463,0.8295651036357283,1.072855773602383,0.016340001195517928,-0.04509663564781674,0.0035790980672869566,-0.06227630637079451,0.02332698951528389,-0.06842362516310063
STXUSDT,1786359600000,2026-08-10T11:00:00+00:00,PRE_MOVE,0.013729977116704761,-0.022794117647058965,0.310361226662645,1.1326647454042824,0.011022103952374795,-0.0722347629796839,0.0015048908954100604,-0.0940556809631301,-0.025179115666322582,-0.047055647313361315
STXUSDT,1787169600000,2026-08-19T20:00:00+00:00,PRE_MOVE,0.07516891891891886,0.03495934959349589,0.28278864241755164,1.0953925443937906,0.005939281829953291,0.7926158680282795,0.8177533385703064,-0.003142183817753219,0.12046754308052754,0.672148324947752
SUIUSDT,1778428800000,2026-05-10T16:00:00+00:00,BREAKOUT,0.20998098859315584,0.3795383114771864,0.632397541167639,1.0484840920634062,0.20051664370676914,-0.05059313378898578,0.1108492418886009,-0.07510409301594778,-0.027898159178841087,-0.02269497461014469
SUIUSDT,1781521200000,2026-06-15T11:00:00+00:00,BREAKOUT,0.06563859232898372,0.06704500461924234,0.6638581349676238,1.0143541864728447,0.039592154241008926,-0.07717996289424867,0.02461348175633904,-0.08719851576994431,-0.03402072758037222,-0.04315923531387644
SUIUSDT,1784559600000,2026-07-20T15:00:00+00:00,BREAKOUT,0.019176987614862195,0.05166964408410046,0.9417691381563538,0.9778864437347264,0.003298192599895833,-0.021952175617404812,0.018424147393179213,-0.03292826342610744,-0.0096034625538165,-0.012348713063588312
SUIUSDT,1787220000000,2026-08-20T10:00:00+00:00,BREAKOUT,0.10821917808219172,0.05843872655909288,1.48329017984929,1.0322938351909992,-0.009040099918674382,0.10479329762395273,0.3123197362999588,-0.01703062766103558,0.06677299515686697,0.038020302467085765
SUIUSDT,1783749600000,2026-07-11T06:00:00+00:00,PRE_MOVE,0.033637873754152725,-0.012693375644585392,0.5202943899874517,1.0571995850224738,0.028093702105721263,-0.017945627427347066,0.004821213338690233,-0.05330119191107552,-0.024718516452785333,0.006772889025438267
SUIUSDT,1784113200000,2026-07-15T11:00:00+00:00,PRE_MOVE,0.033296793642093814,0.0663178733031673,0.48867822990701626,1.0569214770226947,0.0030915566029459107,-0.02532820580824824,0.01816735181010487,-0.04482164169208325,-0.010419194065602877,-0.014909011742645362
SUIUSDT,1784592000000,2026-07-21T00:00:00+00:00,PRE_MOVE,0.024640383590836423,0.061249827562422476,0.7695794316150375,1.0553592879718732,0.008942835315722597,-0.035486806187443154,0.01312881840634339,-0.04198622124008844,-0.008938203112960341,-0.026548603074482813
SUIUSDT,1786183200000,2026-08-08T10:00:00+00:00,PRE_MOVE,0.026866557815051317,0.013032654854297832,0.3705307971202698,1.100545932957857,0.02511991505359834,-0.0030355594102341454,0.021971668112171105,-0.014599595258745324,-0.011931253327916225,0.00889569391768208
TAOUSDT,1778432400000,2026-05-10T17:00:00+00:00,BREAKOUT,0.06032258064516127,0.13902557349781697,0.5946439470688647,0.9914581934693236,0.051958912765112775,-0.10498935199269843,0.013568603589899642,-0.11645877700030416,-0.024206332152526544,-0.08078301984017189
TAOUSDT,1781337600000,2026-06-13T08:00:00+00:00,BREAKOUT,0.10918462980318644,0.2043962753778048,0.5952338256368155,1.0300619278888685,0.10396556627121556,0.13776932826362498,0.23362906632868619,-0.005999155048584615,0.04849023703341282,0.08927909123021216
TAOUSDT,1787173200000,2026-08-19T21:00:00+00:00,BREAKOUT,0.09284180761376137,0.05022141706924321,0.8143737407463107,0.9780162909570408,0.013724178773325102,0.05634882606612379,0.20249161475802602,-0.029084810733109645,0.10300193298136895,-0.04665310691524516
TAOUSDT,1787817600000,2026-08-27T08:00:00+00:00,BREAKOUT,0.09046151211576325,0.21521946564885508,0.6895819479036427,0.9814688972098787,0.07716919034447045,-0.06670330964626436,0.020572415688429935,-0.09265439126850139,-0.020995248536177846,-0.04570806111008652
TAOUSDT,1785070800000,2026-07-26T13:00:00+00:00,PRE_MOVE,0.03220054541640427,-0.005155681358673725,0.44999097098471896,1.10354094456447,0.02666706936751506,-0.01696982014022963,0.022812722284320852,-0.07092775124479211,0.0022142349880138745,-0.019184055128243505
TAOUSDT,1786244400000,2026-08-09T03:00:00+00:00,PRE_MOVE,0.05708460754332334,0.06896196268425925,0.2536025998750502,1.050421637457708,0.06079229985101564,-0.012777242044358705,0.015573770491803307,-0.054001928640308616,-0.014807208264488336,0.002029966220129631
THETAUSDT,1778256000000,2026-05-08T16:00:00+00:00,BREAKOUT,0.0896452540747843,0.14049172102358254,0.5478216103265152,1.0152231578373399,0.08957755376649712,0.04663440387153539,0.06907171139463264,-0.008798944126704789,0.022039973072145003,0.024594430799390388
THETAUSDT,1778565600000,2026-05-12T06:00:00+00:00,BREAKOUT,0.09129875696528078,0.19868173258003763,0.5518028472131373,0.9827345840054897,0.0888331266390181,-0.13275726630007856,0.018853102906520203,-0.14375490966221527,-0.005532788656363197,-0.12722447764371536
THETAUSDT,1783087200000,2026-07-03T14:00:00+00:00,BREAKOUT,0.06562266964951524,0.08421851289833082,1.2534276711927634,1.0278523266109663,0.057951167552865,0.023792862141357674,0.03358992302309316,-0.04618614415675293,-0.0019825273683720113,0.025775389509729685
THETAUSDT,1783350000000,2026-07-06T15:00:00+00:00,BREAKOUT,0.061340941512125546,0.12984054669703848,2.039012154529374,1.0241849091992319,0.04840559750245599,-0.08131720430107525,0.022177419354838968,-0.10685483870967738,-0.01082598298886539,-0.07049122131220986
THETAUSDT,1783774800000,2026-07-11T13:00:00+00:00,BREAKOUT,0.09334298118668616,0.05296167247386774,3.8127773886064773,1.0295762023617778,0.0970634813286485,-0.05029781601588368,0.05029781601588357,-0.07147584381204497,-0.006402040679665877,-0.0438957753362178
THETAUSDT,1785981600000,2026-08-06T02:00:00+00:00,BREAKOUT,0.05919003115264809,0.07680126682501998,1.0802302904338412,0.9424068314698824,0.055921473188199844,-0.005882352941176672,0.01911764705882346,-0.025000000000000133,0.0038326522139220387,-0.00971500515509871
THETAUSDT,1786762800000,2026-08-15T03:00:00+00:00,BREAKOUT,0.09480812641083514,0.08825729244577385,1.6450989825421858,0.9450564446780699,0.09888156201721288,-0.06529209621993115,0.012371134020618513,-0.07422680412371141,0.017723222005924022,-0.08301531822585517
THETAUSDT,1787256000000,2026-08-20T20:00:00+00:00,BREAKOUT,0.10944935418082946,0.22984174830444615,0.5956261426669913,0.9096074141170455,0.05696305026043991,0.16727941176470584,0.2555147058823528,-0.011642156862745168,0.06522987121154755,0.10204954055315829
THETAUSDT,1780923600000,2026-06-08T13:00:00+00:00,PRE_MOVE,0.03533333333333344,-0.16684549356223188,0.2844784933790143,1.0646468065021424,0.0021659235238482566,0.007726980038635034,0.022537025112685072,-0.06310367031551833,-0.010585273836090647,0.01831225387472568
THETAUSDT,1781535600000,2026-06-15T15:00:00+00:00,PRE_MOVE,0.07238095238095243,0.08757244043786216,0.2679112945413211,1.0596086188116647,0.02154432713405896,-0.11486086441681465,0.001184132622853884,-0.11782119597394913,-0.07302319010832947,-0.04183767430848517
THETAUSDT,1783328400000,2026-07-06T09:00:00+00:00,PRE_MOVE,0.022447501810282322,0.06485671191553544,0.6002228587494873,1.1336275096564228,0.021707888741335335,-0.02053824362606227,0.07719546742209649,-0.05878186968838528,0.004443976209403289,-0.024982219835465558
THETAUSDT,1783710000000,2026-07-10T19:00:00+00:00,PRE_MOVE,0.011005135730007387,-0.026148409893992808,0.356405842384671,1.1009910258362732,0.00028908189508358717,0.04208998548621179,0.15166908563134984,-0.005079825834542806,-0.025702499514870025,0.06779248500108181
THETAUSDT,1786035600000,2026-08-06T17:00:00+00:00,PRE_MOVE,0.015015015015014788,0.08333333333333326,0.2895567169996571,1.0529233350096183,0.017339928197658727,0.031065088757396442,0.03698224852071008,-0.019230769230769162,0.009087516703286225,0.021977572054110217
THETAUSDT,1786363200000,2026-08-10T12:00:00+00:00,PRE_MOVE,0.05216095380029784,0.12509960159362543,0.6067247757883167,1.0699371634955834,0.05355017425048536,-0.04886685552407921,0.005665722379603277,-0.07011331444759206,-0.01803100944966174,-0.030835846074417472
THETAUSDT,1787076000000,2026-08-18T18:00:00+00:00,PRE_MOVE,0.03784570596797687,0.0657698056801197,0.9535380494120678,1.4031060521000116,0.032535369600091624,0.335203366058906,0.3548387096774195,-0.02384291725105203,0.1910689214715644,0.1441344445873416
TIAUSDT,1778256000000,2026-05-08T16:00:00+00:00,BREAKOUT,0.1391806722689075,0.20970440602342455,0.5275442219502029,0.8937049699150291,0.13911297196062034,0.03711387736284011,0.08252650991240196,-0.020516366989396073,0.022039973072145003,0.015073904290695106
TIAUSDT,1778637600000,2026-05-13T02:00:00+00:00,BREAKOUT,0.10253533767107914,0.3266738660907127,0.5469390238317124,0.9791861786459065,0.10506416245700922,-0.13899063899063901,0.061050061050061055,-0.14977614977614973,-0.023503389983226097,-0.11548724900741292
TIAUSDT,1779742800000,2026-05-25T21:00:00+00:00,BREAKOUT,0.19302152932442462,0.20284431137724557,1.2977896384502623,1.0708522964169795,0.17679679014485927,-0.13503422526446796,0.015349512549263755,-0.16096245592200775,-0.0458296267946543,-0.08920459846981366
TIAUSDT,1781589600000,2026-06-16T06:00:00+00:00,BREAKOUT,0.06042128603104202,0.1959987496092528,0.8183458269167059,0.9562719868370793,0.05079119465616189,-0.002352326189231646,0.12049137480397287,-0.036330371144798645,-0.05332769130686188,0.050975365117630234
TIAUSDT,1787234400000,2026-08-20T14:00:00+00:00,BREAKOUT,0.0946341463414635,0.07677543186180436,1.8338277892574393,0.9108107990751835,0.005139551861710778,0.1405228758169934,0.2590612002376709,-0.0490196078431373,0.07495448714287911,0.0655683886741143
TIAUSDT,1782568800000,2026-06-27T14:00:00+00:00,PRE_MOVE,0.03512168141592942,0.0002672367717799773,0.2786429455057413,1.05808580606524,0.0179986524528295,-0.03419716804702122,0.07747795885653219,-0.044883783061715254,-0.035159905527250124,0.0009627374802289035
TIAUSDT,1783072800000,2026-07-03T10:00:00+00:00,PRE_MOVE,0.0681198910081744,0.10515928954045672,0.39769934853796407,1.064179951708547,0.05753667946641561,-0.02602040816326545,0.05637755102040809,-0.038775510204081653,0.014720472606347679,-0.04074088076961313
TIAUSDT,1783558800000,2026-07-09T01:00:00+00:00,PRE_MOVE,0.04612937433722175,0.0955024986118822,0.2873360364544839,1.0820960400756217,0.06392991621015942,0.019260010136847416,0.07754688291941214,-0.0164723770907248,0.035936020374194966,-0.01667601023734755
TIAUSDT,1785780000000,2026-08-03T18:00:00+00:00,PRE_MOVE,0.029393939393939306,0.008910008910008926,0.3715908457145505,1.0796604746651226,0.021955985470430317,-0.032970267883426496,0.012069473064468594,-0.046806005298793085,0.008667590917279533,-0.04163785880070603
TIAUSDT,1787169600000,2026-08-19T20:00:00+00:00,PRE_MOVE,0.0908481394569225,0.06618610747051101,0.596317575548901,1.0602180108098296,0.021618502367956927,0.1594960049170251,0.30239704978488,-0.025507068223724727,0.12046754308052754,0.03902846183649755
TONUSDT,1779724800000,2026-05-25T16:00:00+00:00,BREAKOUT,0.1861632350424911,0.07767644315473099,0.5635628281246117,1.0205634640606114,0.17247155742709253,-0.1456940904938212,0.055825359426840526,-0.17492907630908305,-0.05508111899812729,-0.09061297149569392
TONUSDT,1780329600000,2026-06-01T16:00:00+00:00,BREAKOUT,0.20837814583781467,0.0804923787084677,0.9429226027416073,0.9859839305297166,0.23507478079922273,-0.2229985314405234,0.0009790396511057953,-0.2504116416714878,-0.11194517016901573,-0.11105336127150767
TONUSDT,1782190800000,2026-06-23T05:00:00+00:00,BREAKOUT,0.07106101445724078,0.02810772668469963,0.5243846120457771,0.8193394992063247,0.08425638346509667,-0.09053992221459617,0.043811484786090205,-0.12903225806451613,-0.05444509492347571,-0.03609482729112046
TRXUSDT,1779354000000,2026-05-21T09:00:00+00:00,BREAKOUT,0.011621394567348231,0.023226171930321504,0.5930817601791958,1.025539379581889,0.009724684565140196,0.007307958477508647,0.014145328719723294,-0.008581314878892687,-0.007796713266526423,0.01510467174403507
TRXUSDT,1785826800000,2026-08-04T07:00:00+00:00,BREAKOUT,0.011981198734293708,0.013288627764618921,0.6124355196717357,1.3786550296000235,-0.005201782844527436,-0.007983971342703566,0.0051303846270605025,-0.012051850277769227,0.009775941821837275,-0.01775991316454084
TRXUSDT,1786431600000,2026-08-11T07:00:00+00:00,BREAKOUT,0.006762904106265566,0.007771470204304576,0.7432955598779978,0.9663031159899913,0.024425484840506106,0.006265626412025327,0.01942946651805899,-0.0022291170888935063,-0.017859903766415663,0.02412553017844099
TRXUSDT,1787220000000,2026-08-20T10:00:00+00:00,BREAKOUT,0.011730028873917275,0.008484485084695015,0.6782766656931256,1.155498151070641,-0.10552924912694883,0.02211784291575003,0.051043462750460566,-0.027290564242820725,0.06677299515686697,-0.044655152241116935
TRXUSDT,1778302800000,2026-05-09T05:00:00+00:00,PRE_MOVE,0.01292694837838626,0.07254532181530604,0.2755822975840032,1.1023416986811099,0.0032336595229032206,-0.01103201837724399,0.002297155497575254,-0.015541249539150814,0.01064838904836729,-0.02168040742561128
TRXUSDT,1778763600000,2026-05-14T13:00:00+00:00,PRE_MOVE,0.0156111254332445,0.018411604193594666,0.29741659224226646,1.0661418807340164,0.015071045878270128,0.005217734657039674,0.006430505415162546,-0.01917870036101077,-0.018778346717147287,0.02399608137418696
TRXUSDT,1779375600000,2026-05-21T15:00:00+00:00,PRE_MOVE,0.013423006083607802,0.025992371803926995,0.4957864555861238,1.0528589292851478,0.015989426914627014,0.005397218780118562,0.008839322593969579,-0.013768415255403954,-0.011403146418938137,0.0168003651990567
TRXUSDT,1779703200000,2026-05-25T10:00:00+00:00,PRE_MOVE,0.005714442704469969,0.025607261928109137,0.33778684418225224,1.1070884951358901,0.0013522710013049721,-0.045073346627694244,0.03029475236976542,-0.050099707706176444,-0.05322322580645167,0.008149879178757424
TRXUSDT,1780329600000,2026-06-01T16:00:00+00:00,PRE_MOVE,-0.00501907247540645,-0.07086614173228345,0.25888654680983425,1.11789209676115,0.02167756248600161,-0.046494869134094396,-2.882508935775352e-05,-0.06208924247665171,-0.11194517016901573,0.06545030103492133
TRXUSDT,1781485200000,2026-06-15T01:00:00+00:00,PRE_MOVE,0.015480760079941591,-0.018338495507375208,0.6979681991066498,1.4078363682890174,0.0007831041120114346,0.002905251319858859,0.013245446877635958,-0.014057667676736108,-0.014686344158600817,0.017591595478459676
TRXUSDT,1781744400000,2026-06-18T01:00:00+00:00,PRE_MOVE,0.013223922991951964,-0.0016481636968623814,0.3626158736557781,1.2495851648859144,0.03416742772859527,0.017474458011462746,0.018128582108148494,-0.012802143035135827,-0.0046434566163832125,0.022117914627845958
TRXUSDT,1782140400000,2026-06-22T15:00:00+00:00,PRE_MOVE,0.009891287704792529,0.03249843456480894,0.5755546791501247,1.2285779916339907,0.0004255998497513236,-0.02004366547395231,0.013099642185699478,-0.023318576020377346,-0.08134489569188996,0.06130123021793765
TRXUSDT,1782403200000,2026-06-25T16:00:00+00:00,PRE_MOVE,-0.006259204712812938,0.016157876572647556,0.7467502536053776,1.2474617399937975,0.0025054797284509434,-0.001512906014573323,0.002130418673582879,-0.020347042114363334,0.006273193441738156,-0.007786099456311479
TRXUSDT,1782666000000,2026-06-28T17:00:00+00:00,PRE_MOVE,0.006827960341709627,-0.01332151914204538,0.25248196038108284,1.178558575024781,0.022338179266722324,-0.014863902393707495,0.0051713993744775255,-0.02811754869476346,0.01022880486523059,-0.025092707258938085
TRXUSDT,1783119600000,2026-07-03T23:00:00+00:00,PRE_MOVE,0.019004097069019732,0.009428366270175736,0.466379466791367,1.126906353033709,0.0023500507971276896,0.01954659326384811,0.021556923267250117,-0.0023814678501840048,0.023305176175368203,-0.003758582911520092
TRXUSDT,1784430000000,2026-07-19T03:00:00+00:00,PRE_MOVE,0.012207622775137317,-0.01230601357904948,0.28337458972751306,1.5534868845224286,0.0013105224696183804,0.008776775302277162,0.013379979132142727,-0.0025471061191922884,0.02303251977219456,-0.014255744469917397
TRXUSDT,1784714400000,2026-07-22T10:00:00+00:00,PRE_MOVE,0.011081858813445145,0.007135451607001242,0.2777349788404593,1.085232779560859,0.013271967502690218,-0.002149691171127621,0.006418796172944052,-0.01332202979290309,-0.029941135660640827,0.027791444489513206
TRXUSDT,1785272400000,2026-07-28T21:00:00+00:00,PRE_MOVE,-0.008403104565177455,-0.013677395823835203,0.3966882608930209,1.060471288249284,0.0045633625857187665,0.004406643863055004,0.015685186897167913,-0.0016332316415519355,-0.016034376803163775,0.02044102066621878
TRXUSDT,1785787200000,2026-08-03T20:00:00+00:00,PRE_MOVE,0.005258973888583096,0.0036325895173845435,0.7941243366001061,1.172866055635606,0.0008684210601659359,-0.0063568343573211505,0.007056390291380277,-0.010158768781556082,0.010160628271265848,-0.016517462628587
TRXUSDT,1786438800000,2026-08-11T09:00:00+00:00,PRE_MOVE,0.01310255091233703,0.016732970937471503,1.0779494084195522,1.1682816078715101,0.0232671462148496,-0.0040919952210274335,0.01081242532855442,-0.0060931899641576415,-0.02360106407803242,0.019509068857004985
UNIUSDT,1778256000000,2026-05-08T16:00:00+00:00,BREAKOUT,0.07609013754755645,0.1355775169857938,0.5433349291891001,0.976973739783359,0.07602243723926927,0.05711177590426986,0.1338047321185749,-0.01686157193364146,0.022039973072145003,0.035071802832124854
UNIUSDT,1781510400000,2026-06-15T08:00:00+00:00,BREAKOUT,0.030051403716884195,0.03826225587883614,0.5570980843023703,0.9730393728889831,0.011474216341548438,0.20153550863723613,0.4310940499040308,-0.0026871401151632446,-0.019047575506820236,0.22058308414405636
UNIUSDT,1782997200000,2026-07-02T13:00:00+00:00,BREAKOUT,0.1479481641468683,0.1583726843443516,0.8215150431357967,1.0621469774848507,0.10673941451894775,-0.016306052053935427,0.03794292881781125,-0.029162746942615225,0.013832201377728559,-0.030138253431663986
UNIUSDT,1783486800000,2026-07-08T05:00:00+00:00,BREAKOUT,0.06240050939191355,0.17748764996471422,0.5048885633444304,1.0242027045088837,0.06998778204714196,0.04914593946658674,0.10758166017380888,-0.06263110578363806,0.024400371803021015,0.024745567663565726
UNIUSDT,1784786400000,2026-07-23T06:00:00+00:00,BREAKOUT,0.042783644733279225,0.03940620782726034,0.5994602696322695,1.027759829506575,0.04496247908724582,-0.0470007790184368,0.007270838743183683,-0.06387951181511298,-0.02059358425380753,-0.02640719476462927
UNIUSDT,1785474000000,2026-07-31T05:00:00+00:00,BREAKOUT,0.14717741935483852,0.18851174934725834,0.5199004112293852,1.0613639828148067,0.14216598428479088,-0.0931458699472758,0.0,-0.12104569420035138,-0.0238519361337014,-0.0692939338135744
UNIUSDT,1787169600000,2026-08-19T20:00:00+00:00,BREAKOUT,0.1006976038823173,0.01823793490460157,1.8169195403847858,0.9390528531997574,0.03146796679335173,0.2047395976853128,0.2273353540920362,-0.017911270322402806,0.12046754308052754,0.08427205460478526
UNIUSDT,1787868000000,2026-08-27T22:00:00+00:00,BREAKOUT,0.07165750915750912,0.25698174006444674,0.5558557138357139,0.9514969036530722,0.051210401095376,0.12176885280922889,0.17325357829523602,-0.07177953428754547,-0.023358902832994133,0.14512775564222302
UNIUSDT,1781190000000,2026-06-11T15:00:00+00:00,PRE_MOVE,0.020000000000000018,-0.05310063126624587,0.4124031462573152,1.0671643917933187,0.018142314966264728,-0.023529411764705688,0.012941176470588456,-0.029803921568627323,0.02031373812002668,-0.04384314988473237
UNIUSDT,1781524800000,2026-06-15T12:00:00+00:00,PRE_MOVE,0.06961018297533816,0.05327066196631414,1.0882589861897425,1.053789012668993,0.03490083507622033,0.16325771662328004,0.38638899219040534,-0.008181480104128003,-0.032806992491939524,0.19606470911521956
UNIUSDT,1782990000000,2026-07-02T11:00:00+00:00,PRE_MOVE,0.11208470244614821,0.04136752136752131,0.4378299228939557,1.073715930499359,0.06538621167337544,0.026592252133946115,0.086671043992121,-0.00459619172685477,0.021211790161603572,0.005380461972342543
UNIUSDT,1785078000000,2026-07-26T15:00:00+00:00,PRE_MOVE,0.07978142076502737,0.12400455062571103,0.30336938768535027,1.1584986951957232,0.07068399286167582,0.003542510121457454,0.032641700404858476,-0.07085020242914974,-0.012256386173486455,0.01579889629494391
UNIUSDT,1785380400000,2026-07-30T03:00:00+00:00,PRE_MOVE,0.06443914081145596,0.060501981505944435,0.3598508103821183,1.0639969283896078,0.058052522894403547,0.03612356751370194,0.1397608370702541,-0.01420029895366226,-0.010872548102410673,0.04699611561611261
UNIUSDT,1786294800000,2026-08-09T17:00:00+00:00,PRE_MOVE,0.010515773660490613,-0.03050684602450171,0.2599390093837184,1.071174605466867,0.009228250345256317,-0.12636273538156584,0.019326065411298332,-0.14469772051536167,-0.026390977443609076,-0.09997175793795676
WIFUSDT,1781521200000,2026-06-15T11:00:00+00:00,BREAKOUT,0.06944444444444442,0.04182041820418214,0.5955592449556975,1.0300221261729408,0.04339800635646962,-0.017709563164108655,0.06021251475796929,-0.04073199527744975,-0.03402072758037222,0.01631116441626357
WIFUSDT,1782568800000,2026-06-27T14:00:00+00:00,BREAKOUT,0.20041322314049603,0.07858910891089121,1.97687244099937,1.0323355513431847,0.18329019417739612,-0.03614457831325302,0.06884681583476748,-0.05794606999426277,-0.035159905527250124,-0.0009846727860028937
WIFUSDT,1787166000000,2026-08-19T19:00:00+00:00,BREAKOUT,0.038067349926793614,0.015032211882605617,0.6669465864742645,0.9710962096179828,-0.02049683406044256,0.4224259520451339,0.6212976022566994,-0.0007052186177716191,0.13183858862261166,0.2905873634225222
WIFUSDT,1787634000000,2026-08-25T05:00:00+00:00,BREAKOUT,0.15384615384615397,0.6937269372693726,0.9567935455611514,1.0158790920660656,0.1075610566259304,-0.06274509803921569,0.033986928104575265,-0.1729847494553377,-0.013034368855292522,-0.049710729183923164
WIFUSDT,1779462000000,2026-05-22T15:00:00+00:00,PRE_MOVE,0.02300613496932513,-0.01911764705882346,0.4026178522851509,1.064670683391167,0.029063813705163533,-0.010994502748625679,0.006496751624187835,-0.11144427786106936,0.010822536202145683,-0.02181703895077136
WIFUSDT,1779818400000,2026-05-26T18:00:00+00:00,PRE_MOVE,-0.014826175869120606,0.014210526315789451,0.26228639610040316,1.0556137659173401,0.006965373019627741,-0.019719771665801744,0.019200830306175254,-0.10586403736377792,-0.03270265066088485,0.012982878995083103
WIFUSDT,1781524800000,2026-06-15T12:00:00+00:00,PRE_MOVE,0.0806861499364675,0.039095907147220554,0.8367432660115395,1.0650207885158325,0.04597680203734966,-0.011757789535567276,0.055849500293944754,-0.044679600235155714,-0.032806992491939524,0.021049202956372248
WIFUSDT,1782511200000,2026-06-26T22:00:00+00:00,PRE_MOVE,0.07697690692792158,-0.04705882352941171,0.26164462691510404,1.0557200984262907,0.07376032783668873,0.1513970110461338,0.21052631578947367,-0.002599090318388675,0.005316002166395828,0.14608100887973796
WIFUSDT,1783972800000,2026-07-13T20:00:00+00:00,PRE_MOVE,-0.007299270072992581,-0.12922002328288706,0.5233262022743455,1.0523540376309364,0.023700363703704652,0.026069518716577367,0.050802139037433136,-0.016711229946524075,0.03073048426083913,-0.004660965544261764
WIFUSDT,1785002400000,2026-07-25T18:00:00+00:00,PRE_MOVE,0.06944444444444442,0.0013003901170351995,0.2893755572280494,1.0918203301189628,0.06713134476634819,-0.03961038961038954,0.0480519480519479,-0.05454545454545445,-0.010569734467646308,-0.029040655142743232
WIFUSDT,1786338000000,2026-08-10T05:00:00+00:00,PRE_MOVE,0.008426966292134797,0.03532804614275431,0.5030059146268748,1.0541896197730072,0.0031906125356839787,-0.03272980501392764,0.0062674094707519945,-0.07660167130919227,-0.019544789310334765,-0.013185015703592873
XLMUSDT,1779890400000,2026-05-27T14:00:00+00:00,BREAKOUT,0.0714668094218418,0.11194444444444462,1.2555869339668666,0.9904741628838254,0.09583017994176035,0.5606420184861354,0.8602298276292779,-0.009367974019485414,-0.014662529816388381,0.5753045483025238
XLMUSDT,1781528400000,2026-06-15T13:00:00+00:00,BREAKOUT,0.17032786885245899,0.06082520184258766,0.9890561496453543,0.9907310059120689,0.1372996751911717,0.1409160946911332,0.16715693140962795,-0.02955596021851803,-0.03701958115246318,0.17793567584359637
XLMUSDT,1781791200000,2026-06-18T14:00:00+00:00,BREAKOUT,0.10688284425387473,0.3246739362839428,0.6610592110267366,0.9783037960347721,0.12668079238549435,-0.1250100879670729,0.001371963521910935,-0.15575821160519743,0.005266202705690004,-0.13027629067276292
XLMUSDT,1782867600000,2026-07-01T01:00:00+00:00,BREAKOUT,0.1283440568912968,0.02444273635664862,1.9995151742326103,0.9996346067787741,0.14800206528921667,0.031262505002000784,0.03846538615446171,-0.037815126050420034,0.06312891863871828,-0.031866413636717494
XLMUSDT,1787238000000,2026-08-20T15:00:00+00:00,BREAKOUT,0.11494112622780794,0.1467026416515027,1.3538889419484454,1.0372207387483943,0.05794916578200593,0.08968536251709991,0.21980848153214771,-0.031737346101231134,0.06482210164436908,0.02486326087273083
XLMUSDT,1778292000000,2026-05-09T02:00:00+00:00,PRE_MOVE,0.056380759749699916,0.04495435788420665,0.30347615064228783,1.115316386343896,0.04468153369850025,-0.002393346496739168,0.04020822114521638,-0.04074672410698266,0.010503961223799152,-0.01289730772053832
XLMUSDT,1785520800000,2026-07-31T18:00:00+00:00,PRE_MOVE,-0.004472843450479158,-0.03371673432566524,0.28466648697229124,1.0772088053544357,0.020330423653182716,0.0012836970474967568,0.035651768000933615,-0.017388260007002,0.012219158359087157,-0.0109354613115904
XLMUSDT,1786338000000,2026-08-10T05:00:00+00:00,PRE_MOVE,0.008601622020152355,-0.04112149532710274,0.2938864570989397,1.0816266335967157,0.0033652682637015374,-0.015411793372319682,0.010903996101364388,-0.03935185185185186,-0.019544789310334765,0.004132995938015083
XLMUSDT,1787162400000,2026-08-19T18:00:00+00:00,PRE_MOVE,0.07038787800297852,0.038708055799924646,0.3500018472147979,1.0566808699769217,0.014537746640874705,0.1976406533575319,0.34857834240774355,-0.004295220810647371,0.1304228891746282,0.0672177641829037
XRPUSDT,1781492400000,2026-06-15T03:00:00+00:00,BREAKOUT,0.029054640069384297,0.03057413358811778,0.6971319398041909,0.9831892827509761,0.0076689158192100315,-0.0070796460176992815,0.08975979772439935,-0.013485040033712647,-0.024883640110661354,0.017803994092962072
XRPUSDT,1783173600000,2026-07-04T14:00:00+00:00,BREAKOUT,0.05514077538904383,0.09821177792341529,0.6336627532051555,0.9580101575390061,0.046628137581667506,-0.041517476555839705,0.009207161125319718,-0.05583972719522601,0.01379565642656444,-0.055313132982404145
XRPUSDT,1784606400000,2026-07-21T04:00:00+00:00,BREAKOUT,0.028031409788166428,0.0545096937341949,0.7309803562963555,0.9977144590766437,0.012795319366798452,-0.017141842081889958,0.03392841282529524,-0.022915001332267315,-0.003241508408378113,-0.013900333673511844
XRPUSDT,1787151600000,2026-08-19T15:00:00+00:00,BREAKOUT,0.06368347618098458,0.05443588223671214,0.6474403065458589,0.999293295661786,0.0066088478417456464,0.3491052187763517,0.5937412161529094,-0.014616321559074108,0.12363459649727049,0.2254706222790812
XRPUSDT,1778436000000,2026-05-10T18:00:00+00:00,PRE_MOVE,0.04523390784382686,0.06615958668197486,0.4617624101286517,1.1040850393905264,0.040658386388959356,-0.04058419706555394,0.003432494279176135,-0.050747072284291206,-0.020683177591952373,-0.019901019473601567
XRPUSDT,1782759600000,2026-06-29T19:00:00+00:00,PRE_MOVE,0.029603372293542707,-0.05220918952288556,0.8755629028903311,1.054084900439636,0.013491051978125279,0.009397971526937665,0.03470736019354259,-0.049781334325858295,0.01726886423116958,-0.007870892704231913
XRPUSDT,1784095200000,2026-07-15T06:00:00+00:00,PRE_MOVE,0.035260007482229794,0.014759809314264682,0.3129298580029125,1.06655950640647,0.000362299651092135,-0.016351973981389434,0.020598066672689486,-0.03414942632577478,-0.012820928398217468,-0.0035310455831719656
XRPUSDT,1784509200000,2026-07-20T01:00:00+00:00,PRE_MOVE,0.002469361624291233,0.01462556697213735,0.32946608710958003,1.1007750443586723,0.004867817222746873,0.039138764711248886,0.062038135206641476,-0.012590092144877274,0.01856344251153752,0.020575322199711366
XRPUSDT,1785693600000,2026-08-02T18:00:00+00:00,PRE_MOVE,0.02678571428571419,-0.019412191582003024,0.376552262187988,1.0805493620867692,0.013809414377637053,-0.011008325624421889,0.011008325624421778,-0.024976873265494803,0.022072400503754475,-0.03308072612817636
ZECUSDT,1779307200000,2026-05-20T20:00:00+00:00,BREAKOUT,0.18571303968600095,0.2908255312683974,0.5474503232665047,1.184264100062211,0.1765764612845968,-0.024083800444307135,0.009827720645569249,-0.1584646393314797,-0.005570317045916928,-0.018513483398390207
ZECUSDT,1781517600000,2026-06-15T10:00:00+00:00,BREAKOUT,0.20013238144768586,0.18972628421447313,0.5866853688753717,1.105585285045935,0.17843289598275902,-0.07394421682949892,0.07209265679167975,-0.1034509927513394,-0.02784713294588881,-0.04609708388361011
ZECUSDT,1783872000000,2026-07-12T16:00:00+00:00,BREAKOUT,0.07366920152091261,0.17155390366704837,1.1432412108938457,1.1097566939982164,0.07369102598364097,0.05478087649402408,0.08602626530913371,-0.09583886675520137,0.014695978599088333,0.040084897894935745
ZECUSDT,1787173200000,2026-08-19T21:00:00+00:00,BREAKOUT,0.13086244885111742,0.1744851258581237,1.2992150484125844,1.183893838307642,0.05174482001068115,0.3900215712198176,0.4965555632871754,-0.04357734326073359,0.10300193298136895,0.28701963823844867
ZECUSDT,1778846400000,2026-05-15T12:00:00+00:00,PRE_MOVE,0.02211070735036813,-0.07554125728197536,0.28066685085737353,1.0605581727817301,0.014201716565189093,-0.013769492673200379,0.04379150128853859,-0.08579597825473562,-0.034225307063232235,0.020455814390031857
ZECUSDT,1779105600000,2026-05-18T12:00:00+00:00,PRE_MOVE,0.020913250900593816,-0.07398707124942594,0.6152205796932821,1.0614251965525465,0.030194864241604336,0.2606381964180131,0.31339525834938686,-0.00825878807530167,-0.004586346116425388,0.2652245425344385
ZECUSDT,1780419600000,2026-06-02T17:00:00+00:00,PRE_MOVE,0.11832921331976154,0.03165766792984348,0.3956326893061426,1.058881560975975,0.1763021502531259,-0.44847706660598774,0.04780092968826177,-0.5936677177128369,-0.09900542495479203,-0.3494716416511957
ZECUSDT,1780725600000,2026-06-06T06:00:00+00:00,PRE_MOVE,0.18087467566976145,-0.27543876474537266,0.8475581697629913,1.0514460829347374,0.1993672334246842,0.23475843812044994,0.2584513567174056,-0.1099404367968232,0.041262559279139355,0.1934958788413106
ZECUSDT,1781488800000,2026-06-15T02:00:00+00:00,PRE_MOVE,0.15010880878039567,0.12519670461908738,0.35521815583063465,1.0532999964696195,0.13491408418768813,-0.00530623997367452,0.11941096622927883,-0.032742379992595994,-0.01187541361438993,0.006569173640715409
ZECUSDT,1782759600000,2026-06-29T19:00:00+00:00,PRE_MOVE,0.07434337047867445,-0.09133244206773616,0.4543715422860535,1.0683148374153086,0.058231050163257025,0.06127853657340432,0.12061989652043836,-0.05576126137171722,0.01726886423116958,0.04400967234223474
ZECUSDT,1783018800000,2026-07-02T19:00:00+00:00,PRE_MOVE,0.053579687918401175,0.09036857884261718,0.26600780235859856,1.1164379447821005,0.029371354585067788,0.06712107208872453,0.10152495378927906,-0.01783733826247691,0.0210162320491436,0.04610484003958093
ZECUSDT,1783411200000,2026-07-07T08:00:00+00:00,PRE_MOVE,0.008063255232181543,0.1377145882174997,0.2757049313546567,1.0745363504789807,0.004915795386548627,0.10943454754941051,0.13442790038110441,-0.002060622174953508,0.0180327868852459,0.09140176066416461
ZECUSDT,1783674000000,2026-07-10T09:00:00+00:00,PRE_MOVE,0.07638055222088824,0.12238465665236054,0.25946081373668406,1.067415071137513,0.05356926894714964,0.026089900619386208,0.09468044850729918,-0.015673856326303026,-0.01998744569642208,0.04607734631580829
ZECUSDT,1784088000000,2026-07-15T04:00:00+00:00,PRE_MOVE,0.095068330362448,0.14557434112381906,0.2849911308933335,1.059822581724359,0.06301946057981711,-0.015843733043950037,0.06493036715500078,-0.05364442032917338,-0.012008003275471801,-0.0038357297684782354
ZECUSDT,1785704400000,2026-08-02T21:00:00+00:00,PRE_MOVE,0.06115666810530862,-0.00652564801907185,0.25207562036565956,1.11147331796707,0.04888389594949882,0.05330052466750734,0.0690608858339774,-0.04294952617236747,0.018094713656387595,0.03520581101111975
ZECUSDT,1786291200000,2026-08-09T16:00:00+00:00,PRE_MOVE,0.020708543505674637,0.10003822305274768,0.31738889687451666,1.0554683901438933,0.018425898219529335,-0.062119954442792835,0.004671544119066562,-0.09989768932301224,-0.026720507448860897,-0.03539944699393194
ZECUSDT,1786946400000,2026-08-17T06:00:00+00:00,PRE_MOVE,0.057737337222199425,0.00786769742636273,1.2976298826395878,1.1071230244050214,0.04827297927085383,0.08002407907256726,0.128958968483601,-0.028487096335708895,0.09752314440126297,-0.017499065328695718
ZECUSDT,1787205600000,2026-08-20T06:00:00+00:00,PRE_MOVE,0.10289714251720228,0.11907444668008038,1.7243536611780836,1.1529996879569266,0.017012179265959437,0.4136790247761517,0.5467654356503291,-0.004530907260239414,0.08979965291499847,0.32387937186115323
ZETAUSDT,1781524800000,2026-06-15T12:00:00+00:00,BREAKOUT,0.043569006000521826,0.08725197064419676,0.8704870216138494,0.9951814120274316,0.008859658101403989,-0.06974999999999998,0.024499999999999966,-0.07600000000000007,-0.032806992491939524,-0.036943007508060455
ZETAUSDT,1786024800000,2026-08-06T14:00:00+00:00,BREAKOUT,0.03043775649794811,0.035039505324630627,1.098622777262125,0.949107374471431,0.025706465580195736,-0.010288748755393318,0.0,-0.03849983405243951,0.007553877945641885,-0.017842626701035202
ZETAUSDT,1787155200000,2026-08-19T16:00:00+00:00,BREAKOUT,0.052417866371354815,0.03259688518652659,0.9161346369107422,0.9227733377246473,-0.003534865452108571,0.1666082076464397,0.23816204840406874,-0.0070150824272186,0.1295953424413312,0.03701286520510849
ZETAUSDT,1778198400000,2026-05-08T00:00:00+00:00,PRE_MOVE,0.008658008658008587,0.0576117318435756,0.30817321504973405,1.0743218167370676,0.023118238702631633,0.017992736876857096,0.05480356553317911,-0.015351601188511088,0.02047969762933266,-0.0024869607524755644
ZETAUSDT,1779321600000,2026-05-21T00:00:00+00:00,PRE_MOVE,0.04404302821189354,-0.1044568245125348,0.39091534710521314,1.266828458744853,0.028824342657138402,0.009331259720062324,0.04062986003110414,-0.06026438569206838,-0.01432840877156294,0.023659668491625263
ZETAUSDT,1780264800000,2026-05-31T22:00:00+00:00,PRE_MOVE,0.03392269736842102,0.013298408220834279,0.5088421073646843,1.0703704144005939,0.03299243080033287,-0.06661364088287924,0.013919268244183769,-0.09743487770928616,-0.12224815168056713,0.055634510797687886
ZETAUSDT,1781085600000,2026-06-10T10:00:00+00:00,PRE_MOVE,0.023209169054441148,-0.2563515201999167,0.2532110038797817,1.0758215375887308,0.04551833240105474,0.059367124054886755,0.1408569028283393,-0.027723326799215853,0.04014337384943145,0.019223750205455303
ZETAUSDT,1781481600000,2026-06-15T00:00:00+00:00,PRE_MOVE,0.03687238493723832,0.08422203992343458,0.35129938838242625,1.1307049013423935,0.020255651649679463,-0.030012610340479084,0.03354350567465336,-0.04741488020176543,-0.017663901060199882,-0.012348709280279202
ZETAUSDT,1783227600000,2026-07-05T05:00:00+00:00,PRE_MOVE,0.04551648950667753,0.08822695035461003,0.5547563780815097,1.0721087555372286,0.041179914952185204,-0.12304483837330538,0.003910323253389025,-0.12460896767466112,-0.001635935736107319,-0.12140890263719806
ZETAUSDT,1784296800000,2026-07-17T14:00:00+00:00,PRE_MOVE,-0.009030002912904123,-0.02044342067376892,4.534343538549044,2.7917586968937154,0.012168260922160168,-0.011757789535567498,0.07260435038212809,-0.02175191064079962,0.019804410658431415,-0.03156220019399891
ZETAUSDT,1784728800000,2026-07-22T14:00:00+00:00,PRE_MOVE,-0.00408282298046081,-0.0169833045480714,0.25369560528948143,1.1302479382336237,0.011396719504079944,-0.06032210834553442,0.014641288433382194,-0.07701317715959011,-0.02421309346786238,-0.03610901487767204
ZETAUSDT,1785416400000,2026-07-30T13:00:00+00:00,PRE_MOVE,0.024587284861257608,-0.13774756133609212,0.3175628042389571,1.0513102821587395,0.018997399567622253,-0.02434007541995209,0.004456633527596843,-0.044223517312307226,-0.029246460161333254,0.0049063847413811645
ZETAUSDT,1786305600000,2026-08-09T20:00:00+00:00,PRE_MOVE,0.021138765768837553,0.05383532723434192,0.5610368254622042,1.080667448852433,0.020105665036904252,-0.07879799666110188,0.014691151919866474,-0.08547579298831387,-0.023660006050916782,-0.055137990610185095
