symbol,matched_event_symbol,t,utc,matched_signal,ret72,mfe72,mae72,btc72,excess72
LINKUSDT,AAVEUSDT,1778518800000,2026-05-11T17:00:00+00:00,BREAKOUT,0.001974797818318441,0.01579838254654864,-0.05670490878314838,-0.0033457884582509534,0.0053205862765693945
TRXUSDT,AAVEUSDT,1781514000000,2026-06-15T09:00:00+00:00,BREAKOUT,0.0031253906738342163,0.007813476684585652,-0.013595449431178963,-0.021160801038439536,0.024286191712273753
SUIUSDT,AAVEUSDT,1782331200000,2026-06-24T20:00:00+00:00,BREAKOUT,0.003650167907723878,0.04745218280040886,-0.05051832384289667,-0.010729321395451796,0.014379489303175674
SUIUSDT,AAVEUSDT,1783346400000,2026-07-06T14:00:00+00:00,BREAKOUT,-0.01694220521929224,0.04905041672359611,-0.04959693947260557,0.015524099600610741,-0.03246630481990298
TAOUSDT,AAVEUSDT,1787151600000,2026-08-19T15:00:00+00:00,BREAKOUT,0.12650540926719733,0.2806695243927333,-0.000969585629720382,0.12363459649727049,0.002870812769926845
BCHUSDT,AAVEUSDT,1782144000000,2026-06-22T16:00:00+00:00,PRE_MOVE,-0.0513593647922006,0.0035680184933915005,-0.09236645057540582,-0.08364852687272872,0.03228916208052812
TAOUSDT,AAVEUSDT,1785074400000,2026-07-26T14:00:00+00:00,PRE_MOVE,-0.026691653160453854,0.019600891410048726,-0.0738452188006482,-0.009416082316130558,-0.017275570844323296
NEARUSDT,ADAUSDT,1781481600000,2026-06-15T00:00:00+00:00,BREAKOUT,-0.023587004895416097,0.14018691588785037,-0.03337783711615472,-0.017663901060199882,-0.005923103835216215
XLMUSDT,ADAUSDT,1782910800000,2026-07-01T13:00:00+00:00,BREAKOUT,0.03458768637792886,0.06501673597727953,-0.02444466984481175,0.052131489949229115,-0.017543803571300254
DOGEUSDT,ADAUSDT,1783180800000,2026-07-04T16:00:00+00:00,BREAKOUT,-0.04001529246845936,0.01134191410730212,-0.061169873837135236,0.01696790852084118,-0.05698320098930054
BNBUSDT,ADAUSDT,1784577600000,2026-07-20T20:00:00+00:00,BREAKOUT,-0.008257393247442457,0.012883628364931399,-0.015519709507349821,-0.003473885410752553,-0.004783507836689904
DOGEUSDT,ADAUSDT,1785650400000,2026-08-02T06:00:00+00:00,BREAKOUT,-0.007675906183368886,0.01563610518834402,-0.0203269367448472,0.012070595650803595,-0.01974650183417248
SUIUSDT,ADAUSDT,1787173200000,2026-08-19T21:00:00+00:00,BREAKOUT,0.12049861495844882,0.32340720221606656,-0.03961218836565095,0.10300193298136895,0.017496681977079875
BNBUSDT,ADAUSDT,1778436000000,2026-05-10T18:00:00+00:00,PRE_MOVE,0.016428160832602234,0.03793906755816412,-0.01844008108189865,-0.020683177591952373,0.03711133842455461
AVAXUSDT,ADAUSDT,1782770400000,2026-06-29T22:00:00+00:00,PRE_MOVE,0.017480950246526294,0.027491408934708028,-0.04661586732406986,0.01854077395506115,-0.0010598237085348572
NEARUSDT,ADAUSDT,1784077200000,2026-07-15T01:00:00+00:00,PRE_MOVE,-0.04121151936444878,0.045680238331678336,-0.07100297914597808,-0.011052894558943871,-0.030158624805504908
BNBUSDT,ADAUSDT,1784613600000,2026-07-21T06:00:00+00:00,PRE_MOVE,-0.013525933376107524,0.006121351899700089,-0.02209235784764252,-0.006841456677856517,-0.006684476698251007
DOGEUSDT,ADAUSDT,1785427200000,2026-07-30T16:00:00+00:00,PRE_MOVE,-0.003966005665722361,0.005949008498583597,-0.04249291784702558,-0.025106081490960164,0.021140075825237803
ZECUSDT,ADAUSDT,1785693600000,2026-08-02T18:00:00+00:00,PRE_MOVE,0.09548088064889937,0.10755293374065111,-0.008490466659643925,0.022072400503754475,0.0734084801451449
ICPUSDT,ALGOUSDT,1780092000000,2026-05-29T22:00:00+00:00,BREAKOUT,0.12348484848484853,0.16590909090909078,-0.010606060606060619,-0.028182418495094952,0.15166726697994348
HBARUSDT,ALGOUSDT,1781744400000,2026-06-18T01:00:00+00:00,BREAKOUT,-0.014698677119059367,0.005879470847623747,-0.03711415972562471,-0.0046434566163832125,-0.010055220502676154
JTOUSDT,ALGOUSDT,1784937600000,2026-07-25T00:00:00+00:00,BREAKOUT,-0.06447926869082599,0.03215801501795612,-0.09043421482206981,-0.009313094851490122,-0.055166173839335864
DASHUSDT,ALGOUSDT,1785686400000,2026-08-02T16:00:00+00:00,BREAKOUT,-0.0015969338869369354,0.011497923985947178,-0.020760140530182047,0.02332698951528389,-0.024923923402220827
RUNEUSDT,ALGOUSDT,1787151600000,2026-08-19T15:00:00+00:00,BREAKOUT,0.10044278722908428,0.15450943835935682,-0.028198555115357737,0.12363459649727049,-0.023191809268186203
RENDERUSDT,ALGOUSDT,1779195600000,2026-05-19T13:00:00+00:00,PRE_MOVE,0.12272977435332977,0.15630159603742433,-0.02036323610346724,0.0053288325627456334,0.11740094179058413
APTUSDT,ALGOUSDT,1781409600000,2026-06-14T04:00:00+00:00,PRE_MOVE,0.014628261197406012,0.0791735786457548,-0.02850248831247182,0.02414463452566107,-0.009516373328255057
WIFUSDT,ALGOUSDT,1781769600000,2026-06-18T08:00:00+00:00,PRE_MOVE,-0.03104477611940304,0.008358208955223878,-0.05253731343283585,-0.005935995028740093,-0.025108781090662946
LDOUSDT,ALGOUSDT,1782205200000,2026-06-23T09:00:00+00:00,PRE_MOVE,-0.04590035307963913,0.05492349941153374,-0.08277755982738333,-0.042355918665858194,-0.003544434413780939
POLUSDT,ALGOUSDT,1783562400000,2026-07-09T02:00:00+00:00,PRE_MOVE,0.04411377403213068,0.06044245456939712,-0.00869107189886742,0.03717186176698717,0.006941912265143513
GALAUSDT,ALGOUSDT,1783987200000,2026-07-14T00:00:00+00:00,PRE_MOVE,0.030617283950617358,0.045925925925925926,-0.030123456790123404,0.021468089768668763,0.009149194181948594
OPUSDT,ALGOUSDT,1786068000000,2026-08-07T02:00:00+00:00,PRE_MOVE,0.019362186788154823,0.034168564920273425,-0.02733485193621865,0.011002105034216392,0.008360081753938431
LDOUSDT,ALGOUSDT,1786402800000,2026-08-10T23:00:00+00:00,PRE_MOVE,0.007823129251700811,0.02108843537414984,-0.0374149659863946,-0.0075477836010091615,0.015370912852709973
CRVUSDT,APTUSDT,1781535600000,2026-06-15T15:00:00+00:00,BREAKOUT,-0.09812889812889802,0.04948024948024954,-0.10395010395010396,-0.07302319010832947,-0.02510570802056855
TIAUSDT,APTUSDT,1783422000000,2026-07-07T11:00:00+00:00,BREAKOUT,0.06550218340611358,0.09221679938350902,-0.04366812227074224,0.016038764423448537,0.04946341898266504
WIFUSDT,APTUSDT,1787212800000,2026-08-20T08:00:00+00:00,BREAKOUT,0.2666666666666666,0.5026143790849673,-0.007843137254902044,0.06883536471186646,0.19783130195480014
FETUSDT,APTUSDT,1785081600000,2026-07-26T16:00:00+00:00,PRE_MOVE,-0.1419518377693283,0.017743979721166037,-0.16286438529784542,-0.01411746522411128,-0.127834372545217
ICPUSDT,APTUSDT,1787241600000,2026-08-20T16:00:00+00:00,PRE_MOVE,0.021437578814628155,0.1412358133669609,-0.13787305590584276,0.06294956864759604,-0.04151198983296789
OPUSDT,ARBUSDT,1778274000000,2026-05-08T21:00:00+00:00,BREAKOUT,-0.10011441647597263,0.038329519450800875,-0.10869565217391308,0.019477176488773118,-0.11959159296474575
CRVUSDT,ARBUSDT,1781517600000,2026-06-15T10:00:00+00:00,BREAKOUT,-0.06153202176642947,0.056508999581414976,-0.07701967350355798,-0.02784713294588881,-0.03368488882054066
INJUSDT,ARBUSDT,1783569600000,2026-07-09T04:00:00+00:00,BREAKOUT,0.04563617245005269,0.08370136698212405,-0.00694006309148254,0.024894105132296618,0.020742067317756074
TRXUSDT,ARBUSDT,1787166000000,2026-08-19T19:00:00+00:00,BREAKOUT,0.040818170863959446,0.06503795638028675,-0.014339076997228584,0.13183858862261166,-0.09102041775865222
SEIUSDT,ARBUSDT,1780336800000,2026-06-01T18:00:00+00:00,PRE_MOVE,-0.23508163560179152,0.04016760583730683,-0.24548475653807245,-0.10744353233030324,-0.12763810327148828
UNIUSDT,ARBUSDT,1781197200000,2026-06-11T17:00:00+00:00,PRE_MOVE,-0.02782131661442011,0.01214733542319757,-0.030564263322883978,0.0014446460067092382,-0.02926596262112935
FETUSDT,ARBUSDT,1785819600000,2026-08-04T05:00:00+00:00,PRE_MOVE,-0.07655172413793099,0.06000000000000005,-0.07862068965517233,0.008260731189943638,-0.08481245532787463
HBARUSDT,ARBUSDT,1787119200000,2026-08-19T06:00:00+00:00,PRE_MOVE,0.16945637683306192,0.28647607761813054,-0.0028143978669825653,0.2046409008148944,-0.03518452398183247
ETCUSDT,ATOMUSDT,1778436000000,2026-05-10T18:00:00+00:00,BREAKOUT,-0.06616238023197163,0.015733736762481243,-0.08028240040342904,-0.020683177591952373,-0.045479202640019256
TIAUSDT,ATOMUSDT,1779418800000,2026-05-22T03:00:00+00:00,BREAKOUT,-0.056731202161188654,0.03556956325979299,-0.11188653759567757,-0.00966040648314892,-0.047070795678039734
APTUSDT,ATOMUSDT,1781157600000,2026-06-11T06:00:00+00:00,BREAKOUT,0.044570886676149835,0.08202939781887131,-0.02307570728623365,0.024289781331395144,0.02028110534475469
ALGOUSDT,ATOMUSDT,1785787200000,2026-08-03T20:00:00+00:00,BREAKOUT,-0.023864258347016998,0.003284072249589487,-0.05090311986863716,0.010160628271265848,-0.034024886618282846
DASHUSDT,ATOMUSDT,1786377600000,2026-08-10T16:00:00+00:00,BREAKOUT,-0.03358088472715526,0.008072328059412381,-0.03648692282854371,-0.011732922618432728,-0.02184796210872253
XLMUSDT,ATOMUSDT,1786669200000,2026-08-14T01:00:00+00:00,BREAKOUT,-0.020033807049395946,0.004570212233143245,-0.026356977399361492,-0.007262512687759126,-0.01277129436163682
ENSUSDT,ATOMUSDT,1787349600000,2026-08-21T22:00:00+00:00,BREAKOUT,0.00034662045060662727,0.1435008665511266,-0.12530329289428077,0.003404014442200509,-0.003057393991593882
TRXUSDT,ATOMUSDT,1781182800000,2026-06-11T13:00:00+00:00,PRE_MOVE,-0.015112410211760241,0.0006219098852577876,-0.0409527659442146,0.019690353566675922,-0.03480276377843616
ETCUSDT,ATOMUSDT,1781514000000,2026-06-15T09:00:00+00:00,PRE_MOVE,-0.013121546961326058,0.06049723756906067,-0.016436464088397718,-0.021160801038439536,0.008039254077113478
SEIUSDT,ATOMUSDT,1782162000000,2026-06-22T21:00:00+00:00,PRE_MOVE,0.05621083671212679,0.10044231478068544,-0.05897530409141172,-0.06393274330777254,0.12014358001989933
DASHUSDT,ATOMUSDT,1784592000000,2026-07-21T00:00:00+00:00,PRE_MOVE,-0.03947368421052633,0.02894736842105239,-0.045906432748538006,-0.008938203112960341,-0.030535481097565986
OPUSDT,ATOMUSDT,1785693600000,2026-08-02T18:00:00+00:00,PRE_MOVE,0.027874564459930307,0.04297328687572599,-0.015098722415795574,0.022072400503754475,0.005802163956175832
INJUSDT,ATOMUSDT,1786626000000,2026-08-13T13:00:00+00:00,PRE_MOVE,-0.10918168005209461,0.008682439765574035,-0.12046885174734112,-0.010420738494094972,-0.09876094155799964
ICPUSDT,ATOMUSDT,1787076000000,2026-08-18T18:00:00+00:00,PRE_MOVE,0.11261872455902311,0.14518317503392142,-0.022161917684305754,0.1910689214715644,-0.07845019691254129
FILUSDT,AVAXUSDT,1781517600000,2026-06-15T10:00:00+00:00,BREAKOUT,-0.016129032258064502,0.032258064516129004,-0.04094292803970223,-0.02784713294588881,0.011718100687824307
BCHUSDT,AVAXUSDT,1782745200000,2026-06-29T15:00:00+00:00,BREAKOUT,0.10881858474705797,0.11966987620357639,-0.01130979672932908,0.02982933167447599,0.07898925307258198
NEARUSDT,AVAXUSDT,1787173200000,2026-08-19T21:00:00+00:00,BREAKOUT,0.06440677966101682,0.21355932203389827,-0.10282485875706215,0.10300193298136895,-0.03859515332035213
LINKUSDT,AVAXUSDT,1781542800000,2026-06-15T17:00:00+00:00,PRE_MOVE,-0.07928840716305363,0.002120640904806903,-0.08541470311027333,-0.06347733561605906,-0.01581107154699457
BNBUSDT,AVAXUSDT,1785002400000,2026-07-25T18:00:00+00:00,PRE_MOVE,0.0010890376069276897,0.014561486711984761,-0.011979413676204365,-0.010569734467646308,0.011658772074573998
LINKUSDT,AVAXUSDT,1785693600000,2026-08-02T18:00:00+00:00,PRE_MOVE,-0.011429258902791006,0.016963426371511048,-0.03007699711260825,0.022072400503754475,-0.03350165940654548
ENAUSDT,AVAXUSDT,1787248800000,2026-08-20T18:00:00+00:00,PRE_MOVE,0.5569313844148587,0.7107345684759332,-0.009310120100549324,0.06794625295586654,0.48898513145899214
XLMUSDT,BCHUSDT,1781517600000,2026-06-15T10:00:00+00:00,BREAKOUT,0.23779193205944793,0.27947801771011327,-0.007560457770182882,-0.02784713294588881,0.26563906500533674
AVAXUSDT,BCHUSDT,1782752400000,2026-06-29T17:00:00+00:00,BREAKOUT,-0.0008883624518802868,0.018211430263547657,-0.05522653242522935,0.020647062719385323,-0.02153542517126561
NEARUSDT,BCHUSDT,1783252800000,2026-07-05T12:00:00+00:00,BREAKOUT,-0.04837067209775969,0.07331975560081472,-0.055498981670061065,-0.012505142048081619,-0.035865530049678074
TAOUSDT,BCHUSDT,1785416400000,2026-07-30T13:00:00+00:00,BREAKOUT,-0.009038619556285932,0.026396877567789634,-0.02788619556285954,-0.029246460161333254,0.020207840605047322
NEARUSDT,BCHUSDT,1787212800000,2026-08-20T08:00:00+00:00,BREAKOUT,0.06761363636363638,0.22045454545454546,-0.09772727272727266,0.06883536471186646,-0.001221728348230089
BNBUSDT,BCHUSDT,1779174000000,2026-05-19T07:00:00+00:00,PRE_MOVE,0.021312490326574896,0.024315121498220016,-0.014920290976628947,0.002156724576556579,0.019155765750018316
NEARUSDT,BNBUSDT,1780124400000,2026-05-30T07:00:00+00:00,BREAKOUT,0.08423686405337771,0.15012510425354453,-0.07881567973311099,-0.04671905585202252,0.13095591990540023
NEARUSDT,BNBUSDT,1781521200000,2026-06-15T11:00:00+00:00,BREAKOUT,-0.11592458884877643,0.02767749699157629,-0.138387484957882,-0.03402072758037222,-0.08190386126840421
DOGEUSDT,BNBUSDT,1783260000000,2026-07-05T14:00:00+00:00,BREAKOUT,-0.06737634687783978,0.022978060495910668,-0.0789302869012074,-0.01464992601771442,-0.052726420860125356
ZECUSDT,BNBUSDT,1785423600000,2026-07-30T15:00:00+00:00,BREAKOUT,-0.009803509950457645,0.0034427743723233206,-0.05113779494499959,-0.02492650036633881,0.015122990415881166
XRPUSDT,BNBUSDT,1786280400000,2026-08-09T13:00:00+00:00,BREAKOUT,-0.02283017050380509,0.009151334168191916,-0.04768326750794716,-0.021305347504175898,-0.001524822999629194
SUIUSDT,BNBUSDT,1787151600000,2026-08-19T15:00:00+00:00,BREAKOUT,0.20050014710208908,0.40556045895851733,-0.0030891438658429138,0.12363459649727049,0.07686555060481859
SUIUSDT,BNBUSDT,1778608800000,2026-05-12T18:00:00+00:00,PRE_MOVE,-0.11540930979133224,0.021107544141252044,-0.1328250401284109,-0.01736085276508781,-0.09804845702624443
XLMUSDT,BNBUSDT,1780171200000,2026-05-30T20:00:00+00:00,PRE_MOVE,-0.08331264995449661,0.13435922892363705,-0.11388268387523781,-0.08639587798957327,0.003083228035076657
DOGEUSDT,BNBUSDT,1782406800000,2026-06-25T17:00:00+00:00,PRE_MOVE,-0.023358248798718617,0.01988788040576628,-0.0387079551521623,-0.0016595062047093379,-0.02169874259400928
DOGEUSDT,BNBUSDT,1785405600000,2026-07-30T10:00:00+00:00,PRE_MOVE,0.0014295925661187425,0.015296640457469701,-0.03359542530378845,-0.021258301845577643,0.022687894411696385
XRPUSDT,BNBUSDT,1785895200000,2026-08-05T02:00:00+00:00,PRE_MOVE,-0.04051033712050667,0.0007450176941701248,-0.05755261687465085,0.008535863214812478,-0.049046200335319146
XRPUSDT,BNBUSDT,1786226400000,2026-08-08T22:00:00+00:00,PRE_MOVE,-0.01685285053929131,0.008859784283513195,-0.047958397534668684,-0.019619441979690455,0.0027665914403991465
HBARUSDT,CHZUSDT,1778306400000,2026-05-09T06:00:00+00:00,BREAKOUT,0.02687078471255755,0.06658815972593923,-0.02162509367305432,0.009661546670256982,0.017209238042300568
SAGAUSDT,CHZUSDT,1778893200000,2026-05-16T01:00:00+00:00,BREAKOUT,-0.09585600669736294,0.039347007115948074,-0.1582251988279616,-0.031506979154160675,-0.06434902754320226
ENSUSDT,CHZUSDT,1787238000000,2026-08-20T15:00:00+00:00,BREAKOUT,0.3057497181510713,0.48771138669673064,-0.003156708004509401,0.06482210164436908,0.24092761650670225
RENDERUSDT,CHZUSDT,1782741600000,2026-06-29T14:00:00+00:00,PRE_MOVE,0.01412066752246477,0.04942233632862636,-0.05776636713735561,0.03744364443846315,-0.023322976915998384
CRVUSDT,CHZUSDT,1786014000000,2026-08-06T11:00:00+00:00,PRE_MOVE,0.12927756653992395,0.12975285171102646,-0.008079847908745275,0.005135461936117247,0.1241421046038067
RUNEUSDT,CHZUSDT,1787173200000,2026-08-19T21:00:00+00:00,PRE_MOVE,0.09139410809556936,0.14915332869403852,-0.026212015773602326,0.10300193298136895,-0.01160782488579959
KASUSDT,COMPUSDT,1778551200000,2026-05-12T02:00:00+00:00,BREAKOUT,-0.05552776388194092,0.0015007503751875984,-0.09004502251125557,0.00047400075101422523,-0.05600176463295514
SANDUSDT,COMPUSDT,1780948800000,2026-06-08T20:00:00+00:00,BREAKOUT,-0.00931204865070312,0.011592550361079423,-0.07601672367920953,-0.0015316952178646703,-0.007780353432838449
RUNEUSDT,COMPUSDT,1783350000000,2026-07-06T15:00:00+00:00,BREAKOUT,-0.036067193675889286,0.010869565217391353,-0.0815217391304347,-0.01082598298886539,-0.025241210687023896
MANAUSDT,COMPUSDT,1785830400000,2026-08-04T08:00:00+00:00,BREAKOUT,-0.026447990543735256,0.00310283687943258,-0.03324468085106391,0.01599598487720999,-0.042443975420945246
KASUSDT,COMPUSDT,1786978800000,2026-08-17T15:00:00+00:00,BREAKOUT,0.0960562280359234,0.11518937914876992,-0.019523623584537297,0.12870676126969194,-0.03265053323376854
MANAUSDT,COMPUSDT,1787371200000,2026-08-22T04:00:00+00:00,BREAKOUT,-0.05636408485446476,0.003330044400592147,-0.1351751356684755,0.024162144868348223,-0.08052622972281298
ENSUSDT,COMPUSDT,1779195600000,2026-05-19T13:00:00+00:00,PRE_MOVE,0.051665861902462584,0.059713503943344515,-0.020119105102205048,0.0053288325627456334,0.04633702933971695
STXUSDT,COMPUSDT,1780185600000,2026-05-31T00:00:00+00:00,PRE_MOVE,-0.09295415959252973,0.026740237691001756,-0.11714770797962659,-0.0959884438210522,0.003034284228522477
GRTUSDT,COMPUSDT,1781676000000,2026-06-17T06:00:00+00:00,PRE_MOVE,-0.029485257371314355,0.013993003498250722,-0.07446276861569223,-0.02865402031425801,-0.0008312370570563443
ZETAUSDT,COMPUSDT,1782086400000,2026-06-22T00:00:00+00:00,PRE_MOVE,-0.08138297872340428,0.08031914893617031,-0.13510638297872346,-0.048229764260841135,-0.03315321446256314
GRTUSDT,COMPUSDT,1783335600000,2026-07-06T11:00:00+00:00,PRE_MOVE,-0.04205352266521023,0.0409612233752048,-0.05734571272528666,0.004716512918378379,-0.04677003558358861
SANDUSDT,COMPUSDT,1784246400000,2026-07-17T00:00:00+00:00,PRE_MOVE,-0.030970692163791225,0.010392849719393027,-0.04115568488879651,0.010383180218875188,-0.04135387238266641
EGLDUSDT,COMPUSDT,1784797200000,2026-07-23T09:00:00+00:00,PRE_MOVE,-0.05404520144120539,0.005240746806419949,-0.08745496233213235,-0.016699208479466487,-0.037345992961738905
FLOWUSDT,COMPUSDT,1786370400000,2026-08-10T14:00:00+00:00,PRE_MOVE,0.04990151017728173,0.1201575837163491,-0.027905449770190383,-0.011748678293043602,0.06165018847032533
CHZUSDT,COMPUSDT,1786986000000,2026-08-17T17:00:00+00:00,PRE_MOVE,0.07060755336617408,0.07717569786535305,-0.0451559934318555,0.13067498689595003,-0.06006743352977595
OPUSDT,CRVUSDT,1778493600000,2026-05-11T10:00:00+00:00,BREAKOUT,-0.0846493998736576,0.005053695514845247,-0.0928616550852811,-0.016944208215493584,-0.06770519165816402
ATOMUSDT,CRVUSDT,1781096400000,2026-06-10T13:00:00+00:00,BREAKOUT,0.098050139275766,0.13481894150417828,-0.03342618384401108,0.031342204851916966,0.06670793442384904
ALGOUSDT,CRVUSDT,1782943200000,2026-07-01T22:00:00+00:00,BREAKOUT,0.054651162790697816,0.07441860465116279,-0.02325581395348819,0.045021779662278716,0.0096293831284191
OPUSDT,CRVUSDT,1783371600000,2026-07-06T21:00:00+00:00,BREAKOUT,-0.054277828886844515,0.0009199632014718073,-0.11315547378104884,-0.019030366384959363,-0.03524746250188515
HBARUSDT,CRVUSDT,1784001600000,2026-07-14T04:00:00+00:00,BREAKOUT,0.0013552175877127315,0.029363047733775183,-0.010088842041861001,0.01190172466578221,-0.010546507078069478
APTUSDT,CRVUSDT,1786248000000,2026-08-09T04:00:00+00:00,BREAKOUT,-0.04731965585704845,0.0,-0.05675049636002649,-0.01563624347203063,-0.03168341238501782
ICPUSDT,CRVUSDT,1787194800000,2026-08-20T03:00:00+00:00,BREAKOUT,0.0,0.1850720209515495,-0.10475774770842416,0.11213078262880605,-0.11213078262880605
LDOUSDT,CRVUSDT,1782759600000,2026-06-29T19:00:00+00:00,PRE_MOVE,0.0168826069886141,0.035335689045936425,-0.07656065959952885,0.01726886423116958,-0.00038625724255547667
OPUSDT,CRVUSDT,1783018800000,2026-07-02T19:00:00+00:00,PRE_MOVE,0.09533468559837743,0.12981744421906694,-0.010141987829614507,0.0210162320491436,0.07431845354923383
ETCUSDT,CRVUSDT,1783998000000,2026-07-14T03:00:00+00:00,PRE_MOVE,0.01370662000583267,0.052785068533099944,-0.002624671916010457,0.015988627750718853,-0.002282007744886183
DASHUSDT,CRVUSDT,1785099600000,2026-07-26T21:00:00+00:00,PRE_MOVE,-0.1072303921568627,0.013174019607843146,-0.1158088235294118,-0.015281919480667705,-0.09194847267619499
DASHUSDT,CRVUSDT,1785787200000,2026-08-03T20:00:00+00:00,PRE_MOVE,-0.01729106628242072,0.014089016970861401,-0.03842459173871271,0.010160628271265848,-0.027451694553686568
WIFUSDT,CRVUSDT,1786212000000,2026-08-08T18:00:00+00:00,PRE_MOVE,-0.022487702037948032,0.037947997189037075,-0.03794799718903741,-0.025575518377981887,0.0030878163400338554
OPUSDT,CRVUSDT,1787202000000,2026-08-20T05:00:00+00:00,PRE_MOVE,0.18385093167701871,0.39435347261434206,-0.000564652738565874,0.09590495661181708,0.08794597506520163
TAOUSDT,DASHUSDT,1779278400000,2026-05-20T12:00:00+00:00,BREAKOUT,-0.02208547266686811,0.10993657505285404,-0.04602083962549075,-0.03691445569156926,0.014828983024701148
OPUSDT,DASHUSDT,1781478000000,2026-06-14T23:00:00+00:00,BREAKOUT,0.002767527675276771,0.035055350553505615,-0.032287822878228845,-0.018708686632542992,0.021476214307819763
CRVUSDT,DASHUSDT,1786230000000,2026-08-08T23:00:00+00:00,BREAKOUT,0.19169611307420498,0.2053886925795052,-0.007508833922261426,-0.020892212202653693,0.21258832527685867
COMPUSDT,DASHUSDT,1787151600000,2026-08-19T15:00:00+00:00,BREAKOUT,0.08109619686800884,0.16946308724832226,-0.007829977628635354,0.12363459649727049,-0.04253839962926165
ZECUSDT,DOGEUSDT,1778734800000,2026-05-14T05:00:00+00:00,BREAKOUT,-0.02868061599001115,0.07646903023194218,-0.08055545045215495,-0.02110778912268174,-0.0075728268673294075
XRPUSDT,DOGEUSDT,1781272800000,2026-06-12T14:00:00+00:00,BREAKOUT,0.08335510844003147,0.08814563191359648,-0.019684696455012585,0.04035109659064262,0.043004011849388846
BNBUSDT,DOGEUSDT,1781535600000,2026-06-15T15:00:00+00:00,BREAKOUT,-0.08824978152061658,0.0010328116310478475,-0.08928259315166454,-0.07302319010832947,-0.015226591412287105
ZECUSDT,DOGEUSDT,1787151600000,2026-08-19T15:00:00+00:00,BREAKOUT,0.43429131998691983,0.5628383533771752,-0.01055480870544645,0.12363459649727049,0.31065672348964934
BNBUSDT,DOGEUSDT,1787234400000,2026-08-20T14:00:00+00:00,PRE_MOVE,0.08300653594771257,0.13157485216308729,-0.00024898848428256404,0.07495448714287911,0.008052048804833456
ATOMUSDT,DOTUSDT,1778662800000,2026-05-13T09:00:00+00:00,BREAKOUT,-0.10594795539033464,0.008828996282527646,-0.11384758364312275,-0.03942379285094544,-0.0665241625393892
FILUSDT,DOTUSDT,1783371600000,2026-07-06T21:00:00+00:00,BREAKOUT,-0.02394014962593516,0.0012468827930174342,-0.07406483790523688,-0.019030366384959363,-0.004909783240975796
TAOUSDT,DOTUSDT,1785808800000,2026-08-04T02:00:00+00:00,BREAKOUT,0.0013036449913959025,0.04766126088543565,-0.011211346926005117,0.008889961647150502,-0.007586316655754599
ARBUSDT,DOTUSDT,1787212800000,2026-08-20T08:00:00+00:00,BREAKOUT,0.09346106717166092,0.22190041216442014,-0.027069176785117555,0.06883536471186646,0.024625702459794452
AAVEUSDT,DOTUSDT,1779393600000,2026-05-21T20:00:00+00:00,PRE_MOVE,-0.04242151457184662,0.007876673793181022,-0.07212782716327226,-0.013290606323562937,-0.029130908248283682
LTCUSDT,DOTUSDT,1781524800000,2026-06-15T12:00:00+00:00,PRE_MOVE,-0.0379581151832461,0.010907504363001808,-0.04166666666666674,-0.032806992491939524,-0.0051511226913065755
BCHUSDT,DOTUSDT,1783674000000,2026-07-10T09:00:00+00:00,PRE_MOVE,-0.02840120786746103,0.04003101281318866,-0.043009875132620556,-0.01998744569642208,-0.008413762171038952
FILUSDT,DOTUSDT,1786402800000,2026-08-10T23:00:00+00:00,PRE_MOVE,-0.03615658362989316,0.021352313167259718,-0.0649110320284697,-0.0075477836010091615,-0.028608800028883996
LINKUSDT,DYDXUSDT,1778212800000,2026-05-08T04:00:00+00:00,BREAKOUT,0.0706372598841345,0.10478707185689595,-0.005081817257851506,0.014610834097388947,0.05602642578674555
ALGOUSDT,DYDXUSDT,1779789600000,2026-05-26T10:00:00+00:00,BREAKOUT,0.03873239436619702,0.05721830985915477,-0.09507042253521125,-0.049053858855328314,0.08778625322152533
WIFUSDT,DYDXUSDT,1780095600000,2026-05-29T23:00:00+00:00,BREAKOUT,0.02293333333333325,0.04106666666666681,-0.03306666666666669,-0.02773729983848161,0.05067063317181486
OPUSDT,DYDXUSDT,1782126000000,2026-06-22T11:00:00+00:00,BREAKOUT,0.021338506304558802,0.061105722599418044,-0.08341416100872934,-0.05208721796599736,0.07342572427055616
RENDERUSDT,DYDXUSDT,1782522000000,2026-06-27T01:00:00+00:00,BREAKOUT,-0.03293971410814167,0.017402113113735185,-0.06090739589807337,8.344584614849992e-06,-0.03294805869275652
APTUSDT,DYDXUSDT,1782860400000,2026-06-30T23:00:00+00:00,BREAKOUT,0.11533076653832675,0.12845642282114111,-0.023626181309065575,0.06757227149716583,0.04775849504116092
STXUSDT,DYDXUSDT,1787191200000,2026-08-20T02:00:00+00:00,BREAKOUT,0.6421455938697316,0.7731800766283523,-0.00919540229885063,0.11252139725133725,0.5296241966183943
LDOUSDT,DYDXUSDT,1779746400000,2026-05-25T22:00:00+00:00,PRE_MOVE,-0.06001739634676717,0.03653232821107566,-0.09567990721948383,-0.04716889343799746,-0.01284850290876971
GALAUSDT,DYDXUSDT,1780869600000,2026-06-07T22:00:00+00:00,PRE_MOVE,-0.04122137404580151,0.028244274809160475,-0.0568702290076335,-0.02355908870268253,-0.017662285343118977
SEIUSDT,DYDXUSDT,1782118800000,2026-06-22T09:00:00+00:00,PRE_MOVE,0.07282964039229922,0.07864148201961507,-0.07264802034144568,-0.037542033976554534,0.11037167436885376
CRVUSDT,DYDXUSDT,1783530000000,2026-07-08T17:00:00+00:00,PRE_MOVE,0.030642023346303393,0.037937743190661566,-0.03842412451361876,0.03548758586810341,-0.0048455625218000176
POLUSDT,DYDXUSDT,1784268000000,2026-07-17T06:00:00+00:00,PRE_MOVE,-0.020395775160859553,0.031200679859171965,-0.026465946339686797,0.01549064299042846,-0.03588641815128801
ENSUSDT,DYDXUSDT,1784728800000,2026-07-22T14:00:00+00:00,PRE_MOVE,-0.06103388357949602,0.008688097306689846,-0.07124239791485676,-0.02421309346786238,-0.03682079011163364
CHZUSDT,DYDXUSDT,1785110400000,2026-07-27T00:00:00+00:00,PRE_MOVE,-0.09078114004222382,0.004222378606615118,-0.09641097818437716,-0.021999508493840914,-0.0687816315483829
SANDUSDT,DYDXUSDT,1785909600000,2026-08-05T06:00:00+00:00,PRE_MOVE,-0.019230769230769162,0.002849002849002913,-0.03252611585944909,0.011711767819885921,-0.030942537050655083
STXUSDT,DYDXUSDT,1786374000000,2026-08-10T15:00:00+00:00,PRE_MOVE,-0.05657492354740068,0.011467889908256979,-0.07951070336391441,-0.013751618203545202,-0.04282330534385548
THETAUSDT,DYDXUSDT,1787238000000,2026-08-20T15:00:00+00:00,PRE_MOVE,0.19925280199252793,0.27584059775840597,-0.00996264009962633,0.06482210164436908,0.13443070034815885
ENSUSDT,EGLDUSDT,1782997200000,2026-07-02T13:00:00+00:00,BREAKOUT,-0.0023234200743496025,0.026486988847583604,-0.03647769516728627,0.013832201377728559,-0.01615562145207816
SANDUSDT,EGLDUSDT,1783569600000,2026-07-09T04:00:00+00:00,BREAKOUT,0.0030762920426579132,0.03547990155865466,-0.013740771123871953,0.024894105132296618,-0.021817813089638705
CHZUSDT,EGLDUSDT,1783846800000,2026-07-12T09:00:00+00:00,BREAKOUT,-0.03257707969749868,0.008726003490401535,-0.0680628272251309,0.011177850774284348,-0.04375493047178303
SAGAUSDT,EGLDUSDT,1787198400000,2026-08-20T04:00:00+00:00,BREAKOUT,-0.002201027146001455,0.22890682318415267,-0.15040352164343362,0.10262794670704256,-0.10482897385304402
SAGAUSDT,EGLDUSDT,1787486400000,2026-08-23T12:00:00+00:00,BREAKOUT,0.026420079260237816,0.036988110964332854,-0.06340819022457067,0.013958024892847476,0.01246205436739034
COMPUSDT,EGLDUSDT,1779440400000,2026-05-22T09:00:00+00:00,PRE_MOVE,-0.14717652289906624,0.012005335704757814,-0.16496220542463302,0.003820380019101899,-0.15099690291816814
IMXUSDT,EGLDUSDT,1780326000000,2026-06-01T15:00:00+00:00,PRE_MOVE,-0.07731305449936621,0.04499366286438522,-0.13371356147021551,-0.10175331999988735,0.02444026550052114
THETAUSDT,EGLDUSDT,1781528400000,2026-06-15T13:00:00+00:00,PRE_MOVE,-0.07692307692307687,0.008944543828264706,-0.08467501490757301,-0.03701958115246318,-0.039903495770613695
LDOUSDT,EGLDUSDT,1783209600000,2026-07-05T00:00:00+00:00,PRE_MOVE,0.16043956043956054,0.172161172161172,-0.04652014652014669,0.00990113162596784,0.1505384288135927
STXUSDT,EGLDUSDT,1783562400000,2026-07-09T02:00:00+00:00,PRE_MOVE,0.03899220155968819,0.06358728254349155,-0.00179964007198552,0.03717186176698717,0.00182033979270102
GRTUSDT,EGLDUSDT,1785196800000,2026-07-28T00:00:00+00:00,PRE_MOVE,-0.013227513227513255,0.0185185185185186,-0.036375661375661394,0.019627094657313826,-0.03285460788482708
RUNEUSDT,EGLDUSDT,1785542400000,2026-08-01T00:00:00+00:00,PRE_MOVE,0.01742565055762091,0.04019516728624528,-0.005576208178438735,0.006806613955942842,0.010619036601678067
MANAUSDT,EGLDUSDT,1785801600000,2026-08-04T00:00:00+00:00,PRE_MOVE,0.00418910831837227,0.02333931777378817,-0.02109515260323147,0.015066879704946246,-0.010877771386573976
FLOWUSDT,EGLDUSDT,1786402800000,2026-08-10T23:00:00+00:00,PRE_MOVE,0.02998696219035213,0.11212516297262054,-0.034876140808344114,-0.0075477836010091615,0.03753474579136129
MANAUSDT,EGLDUSDT,1786939200000,2026-08-17T04:00:00+00:00,PRE_MOVE,0.051044447934663006,0.059839798963404967,-0.026228993246426913,0.09396290167416388,-0.04291845373950087
SUIUSDT,ENAUSDT,1780466400000,2026-06-03T06:00:00+00:00,BREAKOUT,-0.16397978825794046,0.014797882579403288,-0.20452358036573637,-0.09227131575684888,-0.07170847250109158
TAOUSDT,ENAUSDT,1781740800000,2026-06-18T00:00:00+00:00,BREAKOUT,-0.0632088126498922,0.011341002398276512,-0.09767895613999433,-0.002615127698935904,-0.060593684950956295
ADAUSDT,ENAUSDT,1782136800000,2026-06-22T14:00:00+00:00,BREAKOUT,-0.10749999999999993,0.0024999999999999467,-0.13687499999999997,-0.08460188165006244,-0.02289811834993749
LINKUSDT,ENAUSDT,1784030400000,2026-07-14T12:00:00+00:00,BREAKOUT,-0.004154447702834685,0.05474095796676437,-0.006842619745845435,-0.013471452345499735,0.00931700464266505
AAVEUSDT,ENAUSDT,1784613600000,2026-07-21T06:00:00+00:00,BREAKOUT,0.02852868896249605,0.05716422694732337,-0.0014958863126401933,-0.006841456677856517,0.03537014564035257
UNIUSDT,ENAUSDT,1787155200000,2026-08-19T16:00:00+00:00,BREAKOUT,0.19435911756492597,0.24378665177324765,-0.029321418598156956,0.1295953424413312,0.06476377512359477
ZECUSDT,ENAUSDT,1787878800000,2026-08-28T01:00:00+00:00,BREAKOUT,0.025306041038171134,0.10779376199855406,-0.03370814530404642,-0.03550767953610867,0.060813720574279806
ADAUSDT,ENAUSDT,1782734400000,2026-06-29T12:00:00+00:00,PRE_MOVE,0.10635359116022092,0.11740331491712697,-0.02071823204419887,0.02643203417690887,0.07992155698331205
ADAUSDT,ENAUSDT,1785139200000,2026-07-27T08:00:00+00:00,PRE_MOVE,-0.003640776699029069,0.026092233009708643,-0.07038834951456308,-0.01309013863939934,0.009449361940370271
STXUSDT,ENSUSDT,1778292000000,2026-05-09T02:00:00+00:00,BREAKOUT,-0.02951895043731778,0.0010932944606414363,-0.06231778425655976,0.010503961223799152,-0.04002291166111693
GALAUSDT,ENSUSDT,1781539200000,2026-06-15T16:00:00+00:00,BREAKOUT,-0.08357245337159258,0.000358680057388705,-0.097919655667145,-0.06641756912382335,-0.01715488424776923
SNXUSDT,ENSUSDT,1784113200000,2026-07-15T11:00:00+00:00,BREAKOUT,-0.045689655172413746,0.0193965517241379,-0.05129310344827598,-0.010419194065602877,-0.03527046110681087
SANDUSDT,ENSUSDT,1787234400000,2026-08-20T14:00:00+00:00,BREAKOUT,0.08179231863442382,0.23589378852536758,-0.00023707918444770826,0.07495448714287911,0.00683783149154471
THETAUSDT,ENSUSDT,1778270400000,2026-05-08T20:00:00+00:00,PRE_MOVE,0.02843803056027161,0.03140916808149408,-0.043718166383701185,0.020904074702886355,0.007533955857385255
RUNEUSDT,ENSUSDT,1779318000000,2026-05-20T23:00:00+00:00,PRE_MOVE,0.01746323529411775,0.0546875,-0.04342830882352933,-0.010257991518546672,0.027721226812664423
DYDXUSDT,ENSUSDT,1781517600000,2026-06-15T10:00:00+00:00,PRE_MOVE,-0.047351524879614804,0.0329052969502408,-0.0738362760834671,-0.02784713294588881,-0.019504391933725995
COMPUSDT,ENSUSDT,1782748800000,2026-06-29T16:00:00+00:00,PRE_MOVE,0.013384321223709472,0.02421924792861696,-0.0497131931166348,0.02966215640653469,-0.016277835182825218
IMXUSDT,ENSUSDT,1787169600000,2026-08-19T20:00:00+00:00,PRE_MOVE,0.20000000000000018,0.2908212560386474,-0.034782608695652084,0.12046754308052754,0.07953245691947264
ATOMUSDT,ETCUSDT,1781517600000,2026-06-15T10:00:00+00:00,BREAKOUT,-0.08219868885526982,0.020171457387796243,-0.09631870902672723,-0.02784713294588881,-0.05435155590938101
HBARUSDT,ETCUSDT,1787173200000,2026-08-19T21:00:00+00:00,BREAKOUT,0.07271458478715975,0.21214235868806686,-0.02093510118632247,0.10300193298136895,-0.030287348194209196
ICPUSDT,ETCUSDT,1783159200000,2026-07-04T10:00:00+00:00,PRE_MOVE,0.010869565217391353,0.040760869565217295,-0.03668478260869579,0.01239839382624952,-0.0015288286088581682
INJUSDT,ETCUSDT,1785081600000,2026-07-26T16:00:00+00:00,PRE_MOVE,-0.07436517533252718,0.01410721483272881,-0.1009673518742441,-0.01411746522411128,-0.0602477101084159
SOLUSDT,ETHUSDT,1781478000000,2026-06-14T23:00:00+00:00,BREAKOUT,0.010668163952835652,0.06765861875350931,-0.008702975856260342,-0.018708686632542992,0.029376850585378644
SOLUSDT,ETHUSDT,1783371600000,2026-07-06T21:00:00+00:00,BREAKOUT,-0.0577434162841266,0.0007248127567045515,-0.07900459048079256,-0.019030366384959363,-0.03871304989916724
SOLUSDT,ETHUSDT,1787169600000,2026-08-19T20:00:00+00:00,BREAKOUT,0.12758332337833012,0.2285270576991998,-0.00011946004061635929,0.12046754308052754,0.007115780297802576
SOLUSDT,ETHUSDT,1778446800000,2026-05-10T21:00:00+00:00,PRE_MOVE,-0.044201220795622054,0.03515049463270903,-0.05072616291307086,-0.016248109675979894,-0.02795311111964216
SOLUSDT,ETHUSDT,1781517600000,2026-06-15T10:00:00+00:00,PRE_MOVE,-0.006681514476614803,0.0587416481069043,-0.017399777282850803,-0.02784713294588881,0.021165618469274006
SOLUSDT,ETHUSDT,1782115200000,2026-06-22T08:00:00+00:00,PRE_MOVE,-0.0652674339878131,0.015165876777251341,-0.12444143534190921,-0.03816084498345651,-0.027106589004356585
SOLUSDT,ETHUSDT,1782752400000,2026-06-29T17:00:00+00:00,PRE_MOVE,0.07081174438687388,0.09990700146140585,-0.04543642885611798,0.020647062719385323,0.05016468166748855
SOLUSDT,ETHUSDT,1783011600000,2026-07-02T17:00:00+00:00,PRE_MOVE,0.006079404466501348,0.0416873449131514,-0.012158808933002363,0.015545966289765234,-0.009466561823263886
SOLUSDT,ETHUSDT,1784084400000,2026-07-15T03:00:00+00:00,PRE_MOVE,-0.030747459153479983,0.01646725845876751,-0.056734851408722586,-0.011909982582055889,-0.018837476571424094
SOLUSDT,ETHUSDT,1784613600000,2026-07-21T06:00:00+00:00,PRE_MOVE,-0.035868735690664066,0.002925464258458188,-0.043118799287713006,-0.006841456677856517,-0.02902727901280755
SOLUSDT,ETHUSDT,1785078000000,2026-07-26T15:00:00+00:00,PRE_MOVE,-0.03141153081510939,0.026905235255135773,-0.041749502982107445,-0.012256386173486455,-0.019155144641622934
SOLUSDT,ETHUSDT,1785693600000,2026-08-02T18:00:00+00:00,PRE_MOVE,0.013329706202394043,0.017682263329706238,-0.022442872687703952,0.022072400503754475,-0.008742694301360432
SOLUSDT,ETHUSDT,1786006800000,2026-08-06T09:00:00+00:00,PRE_MOVE,0.0432764505119454,0.048737201365187666,-0.013105802047781445,0.0031214665014671628,0.040154984010478234
ZECUSDT,ETHUSDT,1787140800000,2026-08-19T12:00:00+00:00,PRE_MOVE,0.5539864035685762,0.6757504334106004,-0.008824045035744299,0.19177949128317096,0.36220691228540525
SOLUSDT,ETHUSDT,1787821200000,2026-08-27T09:00:00+00:00,PRE_MOVE,0.0015327138614809055,0.0594884567487306,-0.021170610211706076,-0.024889379147500335,0.02642209300898124
UNIUSDT,FETUSDT,1779433200000,2026-05-22T07:00:00+00:00,BREAKOUT,-0.06387114690363782,0.022493751735628953,-0.09552901971674532,0.00013054678421919874,-0.06400169368785702
ENAUSDT,FETUSDT,1779768000000,2026-05-26T04:00:00+00:00,BREAKOUT,-0.11336032388663975,0.05253036437246972,-0.13522267206477734,-0.0423326150801876,-0.07102770880645215
LINKUSDT,FETUSDT,1780146000000,2026-05-30T13:00:00+00:00,BREAKOUT,-0.036924082343971154,0.012743709835530082,-0.044875285916566754,-0.06796423006571384,0.031040147721742684
ARBUSDT,FETUSDT,1785826800000,2026-08-04T07:00:00+00:00,BREAKOUT,-0.05759225650332733,0.001209921355111998,-0.06715063520871145,0.009775941821837275,-0.06736819832516461
ETCUSDT,FETUSDT,1787245200000,2026-08-20T17:00:00+00:00,BREAKOUT,0.1357256547532919,0.3177543047315874,-0.01866589495007953,0.061403460504631635,0.07432219424866027
ICPUSDT,FETUSDT,1779336000000,2026-05-21T04:00:00+00:00,PRE_MOVE,0.012388695315524556,0.06426635694928384,-0.07510646535036791,-0.015969279491239607,0.028357974806764163
ICPUSDT,FETUSDT,1781406000000,2026-06-14T03:00:00+00:00,PRE_MOVE,-0.008631319358816225,0.06740649404027965,-0.04027949034114253,0.020206153607688293,-0.028837472966504518
ETCUSDT,FETUSDT,1787169600000,2026-08-19T20:00:00+00:00,PRE_MOVE,0.22881880024737167,0.40800865800865793,-0.0004638218923933568,0.12046754308052754,0.10835125716684413
DOGEUSDT,FILUSDT,1778292000000,2026-05-09T02:00:00+00:00,BREAKOUT,0.002535083748302247,0.02154821186057032,-0.03847894975101862,0.010503961223799152,-0.007968877475496905
TAOUSDT,FILUSDT,1779861600000,2026-05-27T06:00:00+00:00,BREAKOUT,-0.09185260188767941,0.01743029689364639,-0.11268216830000355,-0.029674142480211163,-0.062178459407468245
AAVEUSDT,FILUSDT,1786032000000,2026-08-06T16:00:00+00:00,BREAKOUT,0.028089887640449396,0.03516853932584274,-0.0050561797752809445,0.007437827548699705,0.02065206009174969
LTCUSDT,FILUSDT,1787230800000,2026-08-20T13:00:00+00:00,BREAKOUT,0.1192989864864864,0.17166385135135132,-0.0008445945945946276,0.0810466107666783,0.03825237571980811
TONUSDT,FILUSDT,1781542800000,2026-06-15T17:00:00+00:00,PRE_MOVE,-0.093596881959911,0.0033964365256125006,-0.10785077951002231,-0.06347733561605906,-0.030119546343851944
TRXUSDT,FILUSDT,1785067200000,2026-07-26T12:00:00+00:00,PRE_MOVE,-0.01686761478096155,0.0008118103370515772,-0.02913497098529716,-0.0028866657768700232,-0.013980949004091525
ZETAUSDT,FLOWUSDT,1781535600000,2026-06-15T15:00:00+00:00,BREAKOUT,-0.12202307881168672,0.00613798183157388,-0.1252148293641051,-0.07302319010832947,-0.04899988870335725
COMPUSDT,FLOWUSDT,1785254400000,2026-07-28T16:00:00+00:00,BREAKOUT,-0.010797840431913786,0.005998800239951807,-0.050989802039592136,-0.018284910965323364,0.007487070533409579
GALAUSDT,FLOWUSDT,1785535200000,2026-07-31T22:00:00+00:00,BREAKOUT,-0.0016583747927031434,0.017689331122166863,-0.036484245439469376,0.010663305608844764,-0.012321680401547908
SNXUSDT,FLOWUSDT,1786471200000,2026-08-11T18:00:00+00:00,BREAKOUT,-0.022266204849084592,0.010390895596239513,-0.04601682335477486,-0.007142575273272556,-0.015123629575812036
ZETAUSDT,FLOWUSDT,1779418800000,2026-05-22T03:00:00+00:00,PRE_MOVE,-0.05295471987720646,0.02705295471987723,-0.07252494244052188,-0.00966040648314892,-0.04329431339405754
MINAUSDT,FLOWUSDT,1779735600000,2026-05-25T19:00:00+00:00,PRE_MOVE,-0.02821869488536155,0.02557319223985899,-0.06560846560846567,-0.051803992853017955,0.023585297967656405
ZETAUSDT,FLOWUSDT,1781092800000,2026-06-10T12:00:00+00:00,PRE_MOVE,0.041324575807334396,0.11494252873563204,-0.028735632183908066,0.041789841658852245,-0.0004652658515178487
KASUSDT,FLOWUSDT,1784635200000,2026-07-21T12:00:00+00:00,PRE_MOVE,-0.015210470463388748,0.018747789175804774,-0.019808984789529638,-0.026772306873678153,0.011561836410289406
ZETAUSDT,FLOWUSDT,1786035600000,2026-08-06T17:00:00+00:00,PRE_MOVE,0.014478114478114534,0.020875420875420936,-0.02457912457912459,0.009087516703286225,0.00539059777482831
EGLDUSDT,FLOWUSDT,1787324400000,2026-08-21T15:00:00+00:00,PRE_MOVE,0.10403726708074523,0.15403726708074528,-0.0434782608695653,0.023951110984488544,0.08008615609625669
OPUSDT,GALAUSDT,1778248800000,2026-05-08T14:00:00+00:00,BREAKOUT,0.042524916943521784,0.20598006644518274,-0.008637873754152814,0.010024415086426375,0.03250050185709541
LDOUSDT,GALAUSDT,1781478000000,2026-06-14T23:00:00+00:00,BREAKOUT,0.030877976190476275,0.1160714285714286,-0.010044642857142794,-0.018708686632542992,0.04958666282301927
SANDUSDT,GALAUSDT,1783087200000,2026-07-03T14:00:00+00:00,BREAKOUT,-0.05041529843538717,0.005215375700212688,-0.07282209774000381,-0.0019825273683720113,-0.04843277106701516
APTUSDT,GALAUSDT,1784311200000,2026-07-17T18:00:00+00:00,BREAKOUT,-0.02412387938060312,0.02314588427057873,-0.05590872045639772,0.015504491584410474,-0.03962837096501359
ARBUSDT,GALAUSDT,1787299200000,2026-08-21T08:00:00+00:00,BREAKOUT,0.014906960008224557,0.12768582296699904,-0.07474041328261538,-0.028209009827297016,0.04311596983552157
SAGAUSDT,GALAUSDT,1780308000000,2026-06-01T10:00:00+00:00,PRE_MOVE,-0.1502561183836083,0.043255549231644874,-0.16220830961866806,-0.14209930712442187,-0.008156811259186436
DASHUSDT,GALAUSDT,1781204400000,2026-06-11T19:00:00+00:00,PRE_MOVE,-0.012683201803832977,0.03438556933483672,-0.035231116121758776,0.003298850357729588,-0.015982052161562565
LDOUSDT,GALAUSDT,1781510400000,2026-06-15T08:00:00+00:00,PRE_MOVE,0.04415011037527594,0.10375275938189854,-0.015084621044885949,-0.019047575506820236,0.06319768588209618
CRVUSDT,GALAUSDT,1781992800000,2026-06-20T22:00:00+00:00,PRE_MOVE,-0.043904717421765604,0.012610929472209209,-0.07146193367585241,-0.026239806742531457,-0.017664910679234147
CHZUSDT,GALAUSDT,1785538800000,2026-07-31T23:00:00+00:00,PRE_MOVE,-0.009287925696594312,0.011609907120743168,-0.030185758513931904,0.010138418928442361,-0.019426344625036673
MANAUSDT,GRTUSDT,1778436000000,2026-05-10T18:00:00+00:00,BREAKOUT,-0.048418972332015864,0.004940711462450675,-0.06818181818181823,-0.020683177591952373,-0.02773579474006349
COMPUSDT,GRTUSDT,1779775200000,2026-05-26T06:00:00+00:00,BREAKOUT,-0.06509186351706042,0.01364829396325451,-0.11811023622047245,-0.04055298699879539,-0.02453887651826503
DYDXUSDT,GRTUSDT,1787169600000,2026-08-19T20:00:00+00:00,BREAKOUT,0.11233885819521183,0.23664825046040505,-0.011970534069981498,0.12046754308052754,-0.008128684885315707
RUNEUSDT,GRTUSDT,1781510400000,2026-06-15T08:00:00+00:00,PRE_MOVE,0.07744531053557946,0.09932109630374653,-0.030927835051546282,-0.019047575506820236,0.0964928860423997
SNXUSDT,GRTUSDT,1782770400000,2026-06-29T22:00:00+00:00,PRE_MOVE,0.08118254340685116,0.09009854528390426,-0.05349601126231829,0.01854077395506115,0.06264176945179001
COMPUSDT,GRTUSDT,1783119600000,2026-07-03T23:00:00+00:00,PRE_MOVE,0.0393091125670042,0.05658129839189985,-0.016081000595592587,0.023305176175368203,0.016003936391635998
SANDUSDT,GRTUSDT,1786294800000,2026-08-09T17:00:00+00:00,PRE_MOVE,-0.059163059163059084,0.015632515632515664,-0.06180856180856176,-0.026390977443609076,-0.03277208171945001
MANAUSDT,GRTUSDT,1787238000000,2026-08-20T15:00:00+00:00,PRE_MOVE,0.10497397339502612,0.18146327356853686,-0.007085020242915019,0.06482210164436908,0.04015187175065704
AAVEUSDT,HBARUSDT,1779987600000,2026-05-28T17:00:00+00:00,BREAKOUT,0.010164869220280037,0.04065947688112059,-0.006446014627494723,0.0022184982766173533,0.007946370943662684
RENDERUSDT,HBARUSDT,1781524800000,2026-06-15T12:00:00+00:00,BREAKOUT,-0.07212581344902391,0.013015184381778733,-0.10412147505422997,-0.032806992491939524,-0.03931882095708439
LDOUSDT,HBARUSDT,1784685600000,2026-07-22T02:00:00+00:00,BREAKOUT,-0.028401755744900448,0.06480764265427319,-0.03795507358636718,-0.03428772298259586,0.005885967237695411
INJUSDT,HBARUSDT,1787148000000,2026-08-19T14:00:00+00:00,BREAKOUT,0.12011173184357538,0.2416201117318435,0.0,0.1687973096838029,-0.048685577840227534
SEIUSDT,HBARUSDT,1778310000000,2026-05-09T07:00:00+00:00,PRE_MOVE,0.08108108108108114,0.19142899805883218,-0.012990891443930064,0.007825975253705098,0.07325510582737604
WIFUSDT,HBARUSDT,1779156000000,2026-05-19T02:00:00+00:00,PRE_MOVE,0.04754440961337525,0.05485893416927912,-0.017241379310344862,0.013736156122121201,0.03380825349125405
OPUSDT,HBARUSDT,1779451200000,2026-05-22T12:00:00+00:00,PRE_MOVE,-0.05128205128205132,0.00219780219780219,-0.1135531135531136,-0.0021370140906140644,-0.04914503719143726
APTUSDT,HBARUSDT,1781532000000,2026-06-15T14:00:00+00:00,PRE_MOVE,-0.08087400681044254,0.015323496027241923,-0.09704880817253125,-0.04159435511620191,-0.039279651694240636
WIFUSDT,HBARUSDT,1782961200000,2026-07-02T03:00:00+00:00,PRE_MOVE,0.0005807200929153211,0.06968641114982588,-0.020325203252032575,0.027955414211023877,-0.027374694118108556
FETUSDT,HBARUSDT,1784628000000,2026-07-21T10:00:00+00:00,PRE_MOVE,-0.030856423173803438,0.004408060453400475,-0.049748110831234205,-0.018640862984442563,-0.012215560189360875
LDOUSDT,HBARUSDT,1786950000000,2026-08-17T07:00:00+00:00,PRE_MOVE,0.10141122415490633,0.12274368231046928,-0.020347883163767788,0.09957554710324668,0.0018356770516596566
ETCUSDT,HBARUSDT,1787238000000,2026-08-20T15:00:00+00:00,PRE_MOVE,0.15635036496350385,0.32948905109489046,-0.009927007299269985,0.06482210164436908,0.09152826331913477
TAOUSDT,ICPUSDT,1778284800000,2026-05-09T00:00:00+00:00,BREAKOUT,0.017252335260850238,0.058524496409735116,-0.030596682976424927,0.016402866573641317,0.0008494686872089208
UNIUSDT,ICPUSDT,1779451200000,2026-05-22T12:00:00+00:00,BREAKOUT,-0.0881632653061224,0.0019047619047618536,-0.11374149659863941,-0.0021370140906140644,-0.08602625121550833
UNIUSDT,ICPUSDT,1779800400000,2026-05-26T13:00:00+00:00,BREAKOUT,-0.10889021479713601,0.01044152744630078,-0.11515513126491639,-0.052909874713727545,-0.055980340083408464
AAVEUSDT,ICPUSDT,1780340400000,2026-06-01T19:00:00+00:00,BREAKOUT,-0.10663360198388105,0.0007439553626780171,-0.15573465592064473,-0.1113677327409146,0.00473413075703355
INJUSDT,ICPUSDT,1781366400000,2026-06-13T16:00:00+00:00,BREAKOUT,0.07156635802469125,0.1782407407407407,-0.05208333333333337,0.027104734343601722,0.044461623681089524
CRVUSDT,ICPUSDT,1786388400000,2026-08-10T19:00:00+00:00,BREAKOUT,-0.019387359441644048,0.11050794881737103,-0.041488949205118364,-0.009837981042594701,-0.009549378399049346
WIFUSDT,ICPUSDT,1787220000000,2026-08-20T10:00:00+00:00,BREAKOUT,0.25287356321839094,0.46807151979565775,-0.01851851851851838,0.06677299515686697,0.18610056806152397
CHZUSDT,ICPUSDT,1781326800000,2026-06-13T05:00:00+00:00,PRE_MOVE,-0.05937500000000007,0.03476562499999991,-0.08203125,0.03891281396084323,-0.0982878139608433
WIFUSDT,ICPUSDT,1782982800000,2026-07-02T09:00:00+00:00,PRE_MOVE,-0.012672811059907918,0.06105990783410142,-0.018433179723502335,0.0235563999764552,-0.03622921103636312
BCHUSDT,ICPUSDT,1786208400000,2026-08-08T17:00:00+00:00,PRE_MOVE,-0.02436104075523826,0.006078747409624663,-0.028966152429196423,-0.02314008192212791,-0.0012209588331103527
JTOUSDT,ICPUSDT,1786752000000,2026-08-15T00:00:00+00:00,PRE_MOVE,0.008735150244584267,0.08368273934311654,-0.015373864430468287,0.0216806341152882,-0.012945483870703933
CRVUSDT,ICPUSDT,1787184000000,2026-08-20T00:00:00+00:00,PRE_MOVE,0.2778420038535645,0.36493256262042384,-0.0077071290944122905,0.11412311155498478,0.16371889229857972
GALAUSDT,IMXUSDT,1778752800000,2026-05-14T10:00:00+00:00,BREAKOUT,-0.036995827538247705,0.05090403337969396,-0.07593880389429775,-0.013919275745001847,-0.02307655179324586
COMPUSDT,IMXUSDT,1781535600000,2026-06-15T15:00:00+00:00,BREAKOUT,-0.07629870129870131,0.0275974025974024,-0.0800865800865801,-0.07302319010832947,-0.003275511190371838
ICPUSDT,IMXUSDT,1783310400000,2026-07-06T04:00:00+00:00,BREAKOUT,0.01504102096627169,0.03874202370100277,-0.030537830446672798,-0.013005412465272759,0.02804643343154445
RUNEUSDT,IMXUSDT,1787238000000,2026-08-20T15:00:00+00:00,BREAKOUT,0.05719432560234172,0.11551452375591076,-0.009457329430308414,0.06482210164436908,-0.007627776042027357
RUNEUSDT,IMXUSDT,1779739200000,2026-05-25T20:00:00+00:00,PRE_MOVE,-0.048451327433628344,0.0070796460176991705,-0.11128318584070795,-0.04777347537727994,-0.0006778520563484047
COMPUSDT,IMXUSDT,1781532000000,2026-06-15T14:00:00+00:00,PRE_MOVE,-0.04468664850136239,0.034877384196185135,-0.05667574931880126,-0.04159435511620191,-0.003092293385160483
COMPUSDT,IMXUSDT,1781791200000,2026-06-18T14:00:00+00:00,PRE_MOVE,0.03479749001711352,0.04506560182544206,-0.0302338847689676,0.005266202705690004,0.029531287311423515
KASUSDT,IMXUSDT,1783242000000,2026-07-05T09:00:00+00:00,PRE_MOVE,-0.07092198581560283,0.007736943907156846,-0.07575757575757569,-0.009083023563784876,-0.06183896225181795
MANAUSDT,IMXUSDT,1784664000000,2026-07-21T20:00:00+00:00,PRE_MOVE,-0.031312553617386274,0.009865599084929899,-0.06748641692879609,-0.033660872211625725,0.0023483185942394513
EGLDUSDT,IMXUSDT,1786212000000,2026-08-08T18:00:00+00:00,PRE_MOVE,-0.004090740052064001,0.049832651543324724,-0.017106731126813046,-0.025575518377981887,0.021484778325917886
MINAUSDT,IMXUSDT,1786528800000,2026-08-12T10:00:00+00:00,PRE_MOVE,0.03880440482433145,0.06135291033036183,-0.018877818563188264,-0.017092124021624855,0.055896528845956306
FETUSDT,INJUSDT,1778234400000,2026-05-08T10:00:00+00:00,BREAKOUT,0.04078947368421049,0.09078947368421053,-0.02675438596491242,0.009212560018861726,0.03157691366534876
ALGOUSDT,INJUSDT,1778493600000,2026-05-11T10:00:00+00:00,BREAKOUT,-0.040000000000000036,0.03918367346938778,-0.05306122448979589,-0.016944208215493584,-0.023055791784506452
RENDERUSDT,INJUSDT,1779793200000,2026-05-26T11:00:00+00:00,BREAKOUT,-0.13416202314616377,0.043720531504500615,-0.1727389627089585,-0.048037753114229975,-0.08612427003193379
ADAUSDT,INJUSDT,1780063200000,2026-05-29T14:00:00+00:00,BREAKOUT,-0.021935483870967887,0.029677419354838586,-0.026666666666666727,-0.02076621346786056,-0.0011692704031073253
BCHUSDT,INJUSDT,1780340400000,2026-06-01T19:00:00+00:00,BREAKOUT,-0.14244056399876504,0.007616041716696831,-0.21081340697794093,-0.1113677327409146,-0.03107283125785043
LTCUSDT,INJUSDT,1781593200000,2026-06-16T07:00:00+00:00,BREAKOUT,-0.0517693315858454,0.012232415902140747,-0.06181738750546084,-0.05651498228112928,0.004745650695283876
FETUSDT,INJUSDT,1783360800000,2026-07-06T18:00:00+00:00,BREAKOUT,-0.07328332371609936,0.023081361800346256,-0.10848240046162727,-0.007473808689971162,-0.0658095150261282
ARBUSDT,INJUSDT,1784559600000,2026-07-20T15:00:00+00:00,BREAKOUT,-0.046040312809780715,0.01321731468223386,-0.05848661746888417,-0.0096034625538165,-0.036436850255964215
TRXUSDT,INJUSDT,1787212800000,2026-08-20T08:00:00+00:00,BREAKOUT,0.025371305621133766,0.05654005916982929,-0.022203627887517507,0.06883536471186646,-0.0434640590907327
FILUSDT,INJUSDT,1787562000000,2026-08-24T09:00:00+00:00,BREAKOUT,-0.051139374668786486,0.02265500794912567,-0.09167991520932706,0.031098880409356155,-0.08223825507814264
XLMUSDT,INJUSDT,1778248800000,2026-05-08T14:00:00+00:00,PRE_MOVE,0.04554800922175839,0.08324506199763237,-0.00461087918250358,0.010024415086426375,0.035523594135332015
FETUSDT,INJUSDT,1783353600000,2026-07-06T16:00:00+00:00,PRE_MOVE,-0.0808781051415367,0.024263431542461023,-0.10745233968804158,-0.016319156683995195,-0.06455894845754151
LTCUSDT,INJUSDT,1784016000000,2026-07-14T08:00:00+00:00,PRE_MOVE,0.015123739688359228,0.05568285976168652,-0.0018331805682859637,0.0028302443678296374,0.01229349532052959
OPUSDT,INJUSDT,1784545200000,2026-07-20T11:00:00+00:00,PRE_MOVE,0.02253218884120156,0.06330472103004281,-0.016094420600858417,0.008536142390119794,0.013996046451081767
DOTUSDT,INJUSDT,1785394800000,2026-07-30T07:00:00+00:00,PRE_MOVE,0.037085400887960196,0.04387568555758681,-0.03055628101331953,-0.008030396096396109,0.045115796984356304
DOTUSDT,INJUSDT,1786489200000,2026-08-11T23:00:00+00:00,PRE_MOVE,-0.03203342618384397,0.010129146619397345,-0.04874651810584951,-0.008761718995784262,-0.02327170718805971
UNIUSDT,JTOUSDT,1779307200000,2026-05-20T20:00:00+00:00,BREAKOUT,-0.02037444933920718,0.0159691629955947,-0.10324889867841414,-0.005570317045916928,-0.01480413229329025
RENDERUSDT,JTOUSDT,1780329600000,2026-06-01T16:00:00+00:00,BREAKOUT,-0.02066929133858264,0.11761811023622037,-0.10187007874015752,-0.11194517016901573,0.09127587883043309
AAVEUSDT,JTOUSDT,1781532000000,2026-06-15T14:00:00+00:00,BREAKOUT,-0.026100711837595658,0.027418929607171183,-0.04758766148167681,-0.04159435511620191,0.01549364327860625
DOTUSDT,JTOUSDT,1782486000000,2026-06-26T15:00:00+00:00,BREAKOUT,-0.03864168618266983,0.012880562060889833,-0.06908665105386413,-0.00823263666608065,-0.03040904951658918
WIFUSDT,JTOUSDT,1786341600000,2026-08-10T06:00:00+00:00,BREAKOUT,-0.030662020905923293,0.006968641114982521,-0.07595818815331001,-0.020815587408002045,-0.009846433497921248
DASHUSDT,JTOUSDT,1781524800000,2026-06-15T12:00:00+00:00,PRE_MOVE,-0.08764839605961117,0.011113917655973582,-0.11770649153826729,-0.032806992491939524,-0.05484140356767164
TIAUSDT,JTOUSDT,1783911600000,2026-07-13T03:00:00+00:00,PRE_MOVE,0.05905006418485237,0.08754813863928113,-0.0038510911424903815,0.028875346048595096,0.030174718136257273
RENDERUSDT,JTOUSDT,1785808800000,2026-08-04T02:00:00+00:00,PRE_MOVE,-0.013899049012435882,0.001463057790782818,-0.039502560351133864,0.008889961647150502,-0.022789010659586384
ICPUSDT,JTOUSDT,1786953600000,2026-08-17T08:00:00+00:00,PRE_MOVE,0.03484781649757407,0.05337450374944863,-0.04631671812968685,0.1296051624227903,-0.09475734592521623
COMPUSDT,KASUSDT,1778486400000,2026-05-11T08:00:00+00:00,BREAKOUT,-0.031982942430703654,0.0626865671641792,-0.05330490405117272,-0.011730136254904044,-0.02025280617579961
DYDXUSDT,KASUSDT,1780520400000,2026-06-03T21:00:00+00:00,BREAKOUT,-0.2654081066074403,0.021099389228206533,-0.2792892837312605,-0.07635240178525249,-0.1890557048221878
IMXUSDT,KASUSDT,1780920000000,2026-06-08T12:00:00+00:00,BREAKOUT,-0.018960674157303403,0.016151685393258397,-0.0723314606741573,-0.01356733939493604,-0.005393334762367363
SAGAUSDT,KASUSDT,1781517600000,2026-06-15T10:00:00+00:00,BREAKOUT,0.0007434944237918462,0.09665427509293667,-0.06022304832713754,-0.02784713294588881,0.028590627369680655
SANDUSDT,KASUSDT,1782777600000,2026-06-30T00:00:00+00:00,BREAKOUT,0.029556650246305383,0.05118869136860127,-0.02612979224673395,0.02470985401154735,0.004846796234758033
SAGAUSDT,KASUSDT,1785139200000,2026-07-27T08:00:00+00:00,BREAKOUT,-0.05116279069767449,0.006201550387596955,-0.08837209302325588,-0.01309013863939934,-0.03807265205827515
POLUSDT,KASUSDT,1786881600000,2026-08-16T12:00:00+00:00,BREAKOUT,0.0935165421558164,0.13300426894343653,-0.0068036286019209635,0.029703237524290937,0.06381330463152546
SAGAUSDT,KASUSDT,1787173200000,2026-08-19T21:00:00+00:00,BREAKOUT,0.01232777374909344,0.21464829586657008,-0.16026105873821606,0.10300193298136895,-0.09067415923227551
IMXUSDT,KASUSDT,1779102000000,2026-05-18T11:00:00+00:00,PRE_MOVE,0.008870490833826183,0.03784742755765813,-0.03903015966883494,-0.0012633486505728708,0.010133839484399054
IMXUSDT,KASUSDT,1779393600000,2026-05-21T20:00:00+00:00,PRE_MOVE,-0.07244723331431835,0.023958927552766518,-0.09184255561893895,-0.013290606323562937,-0.05915662699075541
SANDUSDT,KASUSDT,1781100000000,2026-06-10T14:00:00+00:00,PRE_MOVE,0.030584056827150707,0.05031570639305438,-0.040647198105761784,0.03247344412489461,-0.0018893872977439052
IMXUSDT,KASUSDT,1783728000000,2026-07-11T00:00:00+00:00,PRE_MOVE,-0.05441176470588249,0.010294117647058787,-0.06323529411764706,-0.024487401330314684,-0.02992436337556781
STXUSDT,KASUSDT,1784138400000,2026-07-15T18:00:00+00:00,PRE_MOVE,-0.012507444907683074,0.023228111971411725,-0.032162001191185174,-0.005553893277645328,-0.0069535516300377465
COMPUSDT,KASUSDT,1784574000000,2026-07-20T19:00:00+00:00,PRE_MOVE,0.03248670998228009,0.04311872415829887,-0.012404016538688722,-0.00458543012593815,0.03707214010821824
RUNEUSDT,KASUSDT,1786417200000,2026-08-11T03:00:00+00:00,PRE_MOVE,-0.0074871314927468235,0.009592887225081892,-0.019887693027608844,-0.01283093149817427,0.005343800005427446
CHZUSDT,KASUSDT,1786885200000,2026-08-16T13:00:00+00:00,PRE_MOVE,-0.03602882305844668,0.008006405124099336,-0.06885508406725382,0.030902927052910867,-0.06693175011135755
ENSUSDT,LDOUSDT,1778475600000,2026-05-11T05:00:00+00:00,BREAKOUT,-0.07749127048079507,0.01584743486435669,-0.09991941982272357,-0.012727738524428767,-0.0647635319563663
SEIUSDT,LDOUSDT,1781539200000,2026-06-15T16:00:00+00:00,BREAKOUT,-0.04503049874416931,0.023143164693218532,-0.06153570147111587,-0.06641756912382335,0.02138707037965404
DASHUSDT,LDOUSDT,1783353600000,2026-07-06T16:00:00+00:00,BREAKOUT,-0.03812233285917488,0.0628733997155051,-0.05547652916073953,-0.016319156683995195,-0.021803176175179684
TRXUSDT,LDOUSDT,1784210400000,2026-07-16T14:00:00+00:00,BREAKOUT,0.012572384108010981,0.014306506053943568,-0.006131359737404307,0.0007921252518989785,0.011780258856112003
CHZUSDT,LDOUSDT,1784581200000,2026-07-20T21:00:00+00:00,BREAKOUT,-0.03820816864295129,0.009881422924901129,-0.05665349143610021,-0.0018556969590167727,-0.03635247168393452
APTUSDT,LDOUSDT,1787169600000,2026-08-19T20:00:00+00:00,BREAKOUT,0.15550368109175805,0.2838929789908422,-0.003411743580534976,0.12046754308052754,0.03503613801123051
DYDXUSDT,LDOUSDT,1779321600000,2026-05-21T00:00:00+00:00,PRE_MOVE,-0.02714932126696834,0.03878474466709769,-0.08338720103425978,-0.01432840877156294,-0.012820912495405401
CRVUSDT,LDOUSDT,1780322400000,2026-06-01T14:00:00+00:00,PRE_MOVE,-0.06543385490753917,0.027975343764817362,-0.11379800853485056,-0.1065654765648476,0.04113162165730844
COMPUSDT,LDOUSDT,1781096400000,2026-06-10T13:00:00+00:00,PRE_MOVE,-0.031991174848317594,0.007170435741864489,-0.05350248207391062,0.031342204851916966,-0.06333337970023456
POLUSDT,LDOUSDT,1782698400000,2026-06-29T02:00:00+00:00,PRE_MOVE,-0.005681030899265527,0.008313703755022939,-0.0669253152279341,0.011062802498505775,-0.0167438333977713
ETCUSDT,LDOUSDT,1783018800000,2026-07-02T19:00:00+00:00,PRE_MOVE,0.007201355549279809,0.04334933634566518,-0.009178198249082059,0.0210162320491436,-0.013814876499863793
ARBUSDT,LDOUSDT,1785132000000,2026-07-27T06:00:00+00:00,PRE_MOVE,-0.04101752677702042,0.0032862706913341366,-0.06998539435248285,-0.021615586957851596,-0.019401939819168823
APTUSDT,LDOUSDT,1787151600000,2026-08-19T15:00:00+00:00,PRE_MOVE,0.1633480825958702,0.31821533923303824,-0.006452802359881882,0.12363459649727049,0.039713486098599704
XLMUSDT,LINKUSDT,1781517600000,2026-06-15T10:00:00+00:00,BREAKOUT,0.23779193205944793,0.27947801771011327,-0.007560457770182882,-0.02784713294588881,0.26563906500533674
NEARUSDT,LINKUSDT,1786410000000,2026-08-11T01:00:00+00:00,BREAKOUT,0.007458048477315016,0.045991298943443226,-0.04536979490366688,-0.007514064466955905,0.014972112944270921
BNBUSDT,LINKUSDT,1786759200000,2026-08-15T02:00:00+00:00,BREAKOUT,-0.009081503621105824,0.007045144762123812,-0.01257944262887356,0.015217005526542593,-0.024298509147648417
SUIUSDT,LINKUSDT,1787151600000,2026-08-19T15:00:00+00:00,BREAKOUT,0.20050014710208908,0.40556045895851733,-0.0030891438658429138,0.12363459649727049,0.07686555060481859
AVAXUSDT,LINKUSDT,1779818400000,2026-05-26T18:00:00+00:00,PRE_MOVE,-0.034207650273224144,0.015081967213114833,-0.054863387978142164,-0.03270265066088485,-0.0015049996123392972
AAVEUSDT,LINKUSDT,1782943200000,2026-07-01T22:00:00+00:00,PRE_MOVE,0.051622069618754374,0.07802510063935597,-0.020838266635093472,0.045021779662278716,0.006600289956475658
UNIUSDT,LINKUSDT,1783926000000,2026-07-13T07:00:00+00:00,PRE_MOVE,0.03902714932126683,0.06221719457013575,-0.025169683257918574,0.019813288389536998,0.01921386093172983
BCHUSDT,LINKUSDT,1784566800000,2026-07-20T17:00:00+00:00,PRE_MOVE,-0.03367328188166119,0.041758544652701124,-0.03725652333700846,-0.01381330079316656,-0.019859981088494627
TAOUSDT,LINKUSDT,1785081600000,2026-07-26T16:00:00+00:00,PRE_MOVE,-0.03167122732340122,0.020117563595824395,-0.07337589946285594,-0.01411746522411128,-0.017553762099289938
SUIUSDT,LINKUSDT,1785675600000,2026-08-02T13:00:00+00:00,PRE_MOVE,0.0010184781027207102,0.018478102720791423,-0.012512730976284137,0.020477058403993942,-0.01945858030127323
ADAUSDT,LINKUSDT,1786438800000,2026-08-11T09:00:00+00:00,PRE_MOVE,-0.03656597774244841,0.002119766825649183,-0.04610492845786973,-0.02360106407803242,-0.012964913664415989
ZECUSDT,LINKUSDT,1786766400000,2026-08-15T04:00:00+00:00,PRE_MOVE,0.03326036726255621,0.05800802626778556,-0.02012647452268035,0.017307920909775287,0.015952446352780925
NEARUSDT,LTCUSDT,1778454000000,2026-05-10T23:00:00+00:00,BREAKOUT,0.007677543186180413,0.0812539987204095,-0.03838771593090218,-0.035160390227519045,0.04283793341369946
DOTUSDT,LTCUSDT,1781528400000,2026-06-15T13:00:00+00:00,BREAKOUT,-0.05802707930367512,0.011605415860735047,-0.06673114119922641,-0.03701958115246318,-0.021007498151211945
NEARUSDT,LTCUSDT,1785081600000,2026-07-26T16:00:00+00:00,BREAKOUT,-0.11784324624791553,0.03335186214563657,-0.12784880489160644,-0.01411746522411128,-0.10372578102380425
DOTUSDT,LTCUSDT,1787151600000,2026-08-19T15:00:00+00:00,BREAKOUT,0.18877879294814037,0.32917256466349243,-0.008493115429159759,0.12363459649727049,0.06514419645086988
XLMUSDT,LTCUSDT,1784098800000,2026-07-15T07:00:00+00:00,PRE_MOVE,0.015224799384412568,0.06040452896559301,-0.0025283060349564623,-0.008490887676667502,0.02371568706108007
ADAUSDT,LTCUSDT,1784430000000,2026-07-19T03:00:00+00:00,PRE_MOVE,0.039592081583683436,0.06478704259148182,-0.037192561487702336,0.02303251977219456,0.016559561811488877
ENAUSDT,LTCUSDT,1785074400000,2026-07-26T14:00:00+00:00,PRE_MOVE,-0.05951402746801271,0.09461204366709697,-0.07113510975466597,-0.009416082316130558,-0.05009794515188215
DOTUSDT,LTCUSDT,1787148000000,2026-08-19T14:00:00+00:00,PRE_MOVE,0.19099819448026834,0.3320866649471239,-0.006319319061129813,0.1687973096838029,0.022200884796465425
COMPUSDT,MANAUSDT,1781521200000,2026-06-15T11:00:00+00:00,BREAKOUT,-0.030303030303030165,0.046280991735537125,-0.046280991735537236,-0.03402072758037222,0.003717697277342058
GALAUSDT,MANAUSDT,1781935200000,2026-06-20T06:00:00+00:00,BREAKOUT,-0.04842428900845508,0.06418139892390462,-0.06225980015372801,-0.01262753099984304,-0.03579675800861204
OPUSDT,MANAUSDT,1783072800000,2026-07-03T10:00:00+00:00,BREAKOUT,0.029013539651837394,0.07736943907156668,-0.004835589941972973,0.014720472606347679,0.014293067045489716
CRVUSDT,MANAUSDT,1783566000000,2026-07-09T03:00:00+00:00,BREAKOUT,0.04137587238285145,0.08125623130608184,-0.009970089730807596,0.0364641098039975,0.004911762578853951
SAGAUSDT,MANAUSDT,1787173200000,2026-08-19T21:00:00+00:00,BREAKOUT,0.01232777374909344,0.21464829586657008,-0.16026105873821606,0.10300193298136895,-0.09067415923227551
GRTUSDT,MANAUSDT,1778284800000,2026-05-09T00:00:00+00:00,PRE_MOVE,0.03418181818181809,0.10327272727272718,-0.03127272727272723,0.016402866573641317,0.017778951608176774
SNXUSDT,MANAUSDT,1781524800000,2026-06-15T12:00:00+00:00,PRE_MOVE,-0.021360759493671,0.04865506329113911,-0.02848101265822789,-0.032806992491939524,0.011446232998268524
ENSUSDT,MANAUSDT,1782676800000,2026-06-28T20:00:00+00:00,PRE_MOVE,-0.004115226337448652,0.031711450012103404,-0.038731541999515895,0.007819364791897376,-0.011934591129346028
CRVUSDT,MANAUSDT,1783058400000,2026-07-03T06:00:00+00:00,PRE_MOVE,0.021791767554479424,0.060532687651331685,-0.015012106537530268,0.020786147972211566,0.0010056195822678582
SNXUSDT,MANAUSDT,1785704400000,2026-08-02T21:00:00+00:00,PRE_MOVE,0.007568590350047311,0.048722800378429465,-0.013718070009460792,0.018094713656387595,-0.010526123306340285
KASUSDT,MINAUSDT,1778292000000,2026-05-09T02:00:00+00:00,BREAKOUT,0.0861179027438197,0.11382776419451224,-0.015213257267047142,0.010503961223799152,0.07561394152002054
THETAUSDT,MINAUSDT,1781503200000,2026-06-15T06:00:00+00:00,BREAKOUT,-0.05282331511839711,0.030965391621129212,-0.05768063145112334,-0.026121660863880347,-0.02670165425451676
THETAUSDT,MINAUSDT,1782918000000,2026-07-01T15:00:00+00:00,BREAKOUT,0.08134328358208953,0.08208955223880587,-0.028358208955223896,0.04641333366600975,0.03492994991607978
POLUSDT,MINAUSDT,1783321200000,2026-07-06T07:00:00+00:00,BREAKOUT,0.02477113624124927,0.04523424878836835,-0.026386645126548203,-0.0014397957646536952,0.026210932005902965
FLOWUSDT,MINAUSDT,1787065200000,2026-08-18T15:00:00+00:00,BREAKOUT,0.13574007220216622,0.15920577617328524,-0.02166064981949456,0.19122422439871722,-0.055484152196551006
SNXUSDT,MINAUSDT,1787335200000,2026-08-21T18:00:00+00:00,BREAKOUT,-0.005192557334487313,0.09216789268714853,-0.07226308957161398,0.02316917243507799,-0.028361729769565303
CHZUSDT,MINAUSDT,1787828400000,2026-08-27T11:00:00+00:00,BREAKOUT,-0.017655367231638408,0.031073446327683607,-0.06073446327683629,-0.01634690792181792,-0.0013084593098204866
FLOWUSDT,MINAUSDT,1779829200000,2026-05-26T21:00:00+00:00,PRE_MOVE,-0.07294469357249633,0.02331838565022415,-0.09446935724962624,-0.03267294105240959,-0.040271752520086745
EGLDUSDT,MINAUSDT,1781535600000,2026-06-15T15:00:00+00:00,PRE_MOVE,-0.11902500791389681,0.0009496676163343043,-0.12060778727445387,-0.07302319010832947,-0.046001817805567335
SNXUSDT,MINAUSDT,1782144000000,2026-06-22T16:00:00+00:00,PRE_MOVE,-0.18159509202453983,0.04130879345603278,-0.2069529652351738,-0.08364852687272872,-0.0979465651518111
STXUSDT,MINAUSDT,1783760400000,2026-07-11T09:00:00+00:00,PRE_MOVE,-0.05302593659942356,0.028242074927953942,-0.07146974063400569,-0.023990147015262808,-0.029035789584160754
SNXUSDT,MINAUSDT,1784228400000,2026-07-16T19:00:00+00:00,PRE_MOVE,-0.02839396628216495,0.0181898846495121,-0.03238686779059452,0.00305876565963481,-0.03145273194179976
IMXUSDT,MINAUSDT,1784872800000,2026-07-24T06:00:00+00:00,PRE_MOVE,-0.011682242990654013,0.007788161993769416,-0.04439252336448585,-0.0008190508789516215,-0.010863192111702391
COMPUSDT,MINAUSDT,1786647600000,2026-08-13T19:00:00+00:00,PRE_MOVE,-0.0012383900928791824,0.011145510835913308,-0.019195046439628438,-0.004814837018082496,0.0035764469252033138
SNXUSDT,MINAUSDT,1787104800000,2026-08-19T02:00:00+00:00,PRE_MOVE,0.2896804609743322,0.3106338397066526,-0.013095861707700274,0.2199213023206643,0.06975915865366789
ADAUSDT,NEARUSDT,1778616000000,2026-05-12T20:00:00+00:00,BREAKOUT,-0.04083885209713023,0.03127299484915391,-0.05592347314201618,-0.01953586058460044,-0.02130299151252979
BNBUSDT,NEARUSDT,1779382800000,2026-05-21T17:00:00+00:00,BREAKOUT,-0.002309539003859329,0.01034734251071212,-0.03515969246664841,-0.015026127088014984,0.012716588084155656
ADAUSDT,NEARUSDT,1787155200000,2026-08-19T16:00:00+00:00,BREAKOUT,0.2638036809815951,0.4433909648633574,-0.008923591745677584,0.1295953424413312,0.13420833854026393
TONUSDT,NEARUSDT,1778659200000,2026-05-13T08:00:00+00:00,PRE_MOVE,-0.1612238635865515,0.0010958663919695688,-0.18463156971901973,-0.03414817461588693,-0.12707568897066457
LINKUSDT,NEARUSDT,1785819600000,2026-08-04T05:00:00+00:00,PRE_MOVE,-0.003910068426197455,0.018939393939394034,-0.014907135874877797,0.008260731189943638,-0.012170799616141093
DASHUSDT,OPUSDT,1780480800000,2026-06-03T10:00:00+00:00,BREAKOUT,-0.21611445783132532,0.013805220883533975,-0.2612951807228916,-0.09968331846565559,-0.11643113936566973
LDOUSDT,OPUSDT,1787230800000,2026-08-20T13:00:00+00:00,BREAKOUT,0.18217054263565902,0.19260584376863465,-0.013714967203339312,0.0810466107666783,0.10112393186898072
ARBUSDT,OPUSDT,1780405200000,2026-06-02T13:00:00+00:00,PRE_MOVE,-0.17533129459734975,0.0010193679918448773,-0.1845056065239552,-0.11758437771210173,-0.05774691688524802
TRXUSDT,OPUSDT,1781334000000,2026-06-13T07:00:00+00:00,PRE_MOVE,0.0075769584376883525,0.035633896585613334,-0.00110959642392916,0.039449171861951404,-0.03187221342426305
ARBUSDT,OPUSDT,1785103200000,2026-07-26T22:00:00+00:00,PRE_MOVE,-0.05086982603479295,0.0029994001199760145,-0.08326334733053375,-0.02244867683112406,-0.028421149203668894
ALGOUSDT,OPUSDT,1786356000000,2026-08-10T10:00:00+00:00,PRE_MOVE,-0.045052682572362834,0.014533123410439552,-0.053045900448104755,-0.02092363749390269,-0.024129045078460143
CRVUSDT,OPUSDT,1787238000000,2026-08-20T15:00:00+00:00,PRE_MOVE,0.244129705553485,0.32016399552739494,-0.0126723816623181,0.06482210164436908,0.17930760390911593
LDOUSDT,POLUSDT,1780329600000,2026-06-01T16:00:00+00:00,BREAKOUT,-0.1286764705882354,0.02604166666666652,-0.18780637254901966,-0.11194517016901573,-0.016731300419219663
SANDUSDT,POLUSDT,1783353600000,2026-07-06T16:00:00+00:00,BREAKOUT,-0.03787729335174583,0.014203985006904674,-0.0816729137897021,-0.016319156683995195,-0.021558136667750638
ETCUSDT,POLUSDT,1783706400000,2026-07-10T18:00:00+00:00,BREAKOUT,-0.02761648491715063,0.009771986970684043,-0.03625548789123356,-0.028133621770754957,0.0005171368536043275
CRVUSDT,POLUSDT,1785826800000,2026-08-04T07:00:00+00:00,BREAKOUT,0.04963503649635048,0.07785888077858893,-0.019951338199513335,0.009775941821837275,0.03985909467451321
GALAUSDT,POLUSDT,1787284800000,2026-08-21T04:00:00+00:00,BREAKOUT,0.1865443425076454,0.3975535168195721,-0.006727828746177389,0.02533127617838571,0.1612130663292597
FILUSDT,POLUSDT,1787634000000,2026-08-25T05:00:00+00:00,BREAKOUT,-0.08418300653594768,0.00248366013071899,-0.10379084967320262,-0.013034368855292522,-0.07114863768065516
SANDUSDT,POLUSDT,1778292000000,2026-05-09T02:00:00+00:00,PRE_MOVE,-0.03478574867597506,0.025036109773711956,-0.055247953779489656,0.010503961223799152,-0.04528970989977421
JTOUSDT,POLUSDT,1779062400000,2026-05-18T00:00:00+00:00,PRE_MOVE,0.21466451464145742,0.26008761816924153,-0.06502190454231027,0.009762140155515464,0.20490237448594195
GRTUSDT,POLUSDT,1779465600000,2026-05-22T16:00:00+00:00,PRE_MOVE,0.024593265228906702,0.049564888384411754,-0.05183503594400307,0.010150324129089894,0.014442941099816808
DYDXUSDT,POLUSDT,1779757200000,2026-05-26T01:00:00+00:00,PRE_MOVE,0.0734908136482939,0.14698162729658804,-0.05249343832021003,-0.04118079506972305,0.11467160871801696
SANDUSDT,POLUSDT,1780117200000,2026-05-30T05:00:00+00:00,PRE_MOVE,-0.046796975317449085,0.01954629761734905,-0.0493651020116993,-0.04529717606279937,-0.001499799254649714
STXUSDT,POLUSDT,1781488800000,2026-06-15T02:00:00+00:00,PRE_MOVE,-0.03328213005632363,0.02611367127496167,-0.041986687147977486,-0.01187541361438993,-0.021406716441933704
ETCUSDT,POLUSDT,1783702800000,2026-07-10T17:00:00+00:00,PRE_MOVE,-0.029128959276018107,0.00820135746606332,-0.037754524886877916,-0.03020186822142812,0.0010729089454100116
WIFUSDT,POLUSDT,1783962000000,2026-07-13T17:00:00+00:00,PRE_MOVE,0.02762803234501332,0.059299191374662996,-0.008760107816711549,0.035046947977439125,-0.007418915632425804
SANDUSDT,POLUSDT,1785794400000,2026-08-03T22:00:00+00:00,PRE_MOVE,-0.040140023337222885,0.003967327887981487,-0.04900816802800456,0.011483370971699047,-0.05162339430892193
RENDERUSDT,POLUSDT,1786093200000,2026-08-07T09:00:00+00:00,PRE_MOVE,-0.024024024024024038,0.007507507507507505,-0.0495495495495496,0.002038297150087187,-0.026062321174111225
RENDERUSDT,POLUSDT,1786957200000,2026-08-17T09:00:00+00:00,PRE_MOVE,0.10555555555555562,0.11269841269841252,-0.011904761904761862,0.1341615829331917,-0.028606027377636067
FILUSDT,RENDERUSDT,1779721200000,2026-05-25T15:00:00+00:00,BREAKOUT,-0.05438066465256808,0.10674723061430003,-0.06545820745216513,-0.060423626577579714,0.006042961925011636
ALGOUSDT,RENDERUSDT,1787155200000,2026-08-19T16:00:00+00:00,BREAKOUT,0.15288437732111904,0.2990839316662539,-0.006189650903689059,0.1295953424413312,0.02328903487978784
LDOUSDT,RENDERUSDT,1778652000000,2026-05-13T06:00:00+00:00,PRE_MOVE,-0.1296524525511461,0.034754744885383326,-0.13482869115109697,-0.028851475558894002,-0.1008009769922521
APTUSDT,RENDERUSDT,1779440400000,2026-05-22T09:00:00+00:00,PRE_MOVE,-0.020748576078112313,0.01901952807160301,-0.08635069161920261,0.003820380019101899,-0.024568956097214212
OPUSDT,RENDERUSDT,1783018800000,2026-07-02T19:00:00+00:00,PRE_MOVE,0.09533468559837743,0.12981744421906694,-0.010141987829614507,0.0210162320491436,0.07431845354923383
ICPUSDT,RENDERUSDT,1784559600000,2026-07-20T15:00:00+00:00,PRE_MOVE,-0.0018450184501844769,0.03690036900368998,-0.011992619926199377,-0.0096034625538165,0.007758444103632023
TIAUSDT,RENDERUSDT,1786420800000,2026-08-11T04:00:00+00:00,PRE_MOVE,-0.02708661417322833,0.006614173228346454,-0.06582677165354345,-0.01011141147241279,-0.01697520270081554
ALGOUSDT,RENDERUSDT,1786939200000,2026-08-17T04:00:00+00:00,PRE_MOVE,0.052658163909584665,0.05632024245485545,-0.03359009976007066,0.09396290167416388,-0.041304737764579214
ATOMUSDT,RENDERUSDT,1787198400000,2026-08-20T04:00:00+00:00,PRE_MOVE,0.03738953093133923,0.16995241332426914,-0.022433718558803606,0.10262794670704256,-0.06523841577570333
SANDUSDT,RUNEUSDT,1778241600000,2026-05-08T12:00:00+00:00,BREAKOUT,0.04334444729417819,0.09207489099769184,-0.005898948448319952,0.012825737989388353,0.030518709304789837
DASHUSDT,RUNEUSDT,1787140800000,2026-08-19T12:00:00+00:00,BREAKOUT,0.33488526770867977,0.5856335217825075,-0.004988360492184873,0.19177949128317096,0.1431057764255088
COMPUSDT,RUNEUSDT,1787626800000,2026-08-25T03:00:00+00:00,BREAKOUT,-0.029737903225806495,0.014616935483870996,-0.04989919354838701,-0.008380811756751427,-0.021357091469055067
SANDUSDT,RUNEUSDT,1778245200000,2026-05-08T13:00:00+00:00,PRE_MOVE,0.03943338437978561,0.08677896886166403,-0.0026799387442573153,0.017842697871185864,0.021590686508599743
ENSUSDT,RUNEUSDT,1781481600000,2026-06-15T00:00:00+00:00,PRE_MOVE,0.04586436691493523,0.13818110544884354,-0.009408075264602078,-0.017663901060199882,0.06352826797513511
DYDXUSDT,RUNEUSDT,1782046800000,2026-06-21T13:00:00+00:00,PRE_MOVE,0.1741253051261189,0.2595606183889341,-0.030919446704637865,-0.04389986775457244,0.21802517288069134
GRTUSDT,RUNEUSDT,1783843200000,2026-07-12T08:00:00+00:00,PRE_MOVE,0.010279840091376391,0.024557395773843416,-0.035408338092518754,0.012406257232031814,-0.0021264171406554233
STXUSDT,RUNEUSDT,1784289600000,2026-07-17T12:00:00+00:00,PRE_MOVE,-0.012084592145015116,0.013293051359516417,-0.02598187311178246,0.02462666808299474,-0.03671126022800986
SNXUSDT,RUNEUSDT,1785229200000,2026-07-28T09:00:00+00:00,PRE_MOVE,-0.029547553093259404,0.03000923361034169,-0.05309325946445054,0.005068820441927802,-0.034616373535187206
GRTUSDT,RUNEUSDT,1785654000000,2026-08-02T07:00:00+00:00,PRE_MOVE,0.007591442374051072,0.029675638371290614,-0.017253278122843385,0.010602176526475438,-0.003010734152424366
MANAUSDT,RUNEUSDT,1786104000000,2026-08-07T12:00:00+00:00,PRE_MOVE,0.014585232452142272,0.025372227286538873,-0.004405955636584635,-0.00644814286436679,0.021033375316509062
MANAUSDT,RUNEUSDT,1786784400000,2026-08-15T09:00:00+00:00,PRE_MOVE,-0.023883374689826264,0.005583126550868567,-0.038461538461538436,0.01811771914201943,-0.04200109383184569
GALAUSDT,SAGAUSDT,1778479200000,2026-05-11T06:00:00+00:00,BREAKOUT,-0.09929964982491246,0.010255127563781885,-0.11380690345172584,-0.012637593188324914,-0.08666205663658755
ATOMUSDT,SAGAUSDT,1779696000000,2026-05-25T08:00:00+00:00,BREAKOUT,-0.048237476808905444,0.0653988868274582,-0.048237476808905444,-0.05332184654808758,0.005084369739182137
RUNEUSDT,SAGAUSDT,1781640000000,2026-06-16T20:00:00+00:00,BREAKOUT,-0.05700483091787434,0.05603864734299524,-0.0654589371980675,-0.03959953816237238,-0.017405292755501955
CHZUSDT,SAGAUSDT,1782032400000,2026-06-21T09:00:00+00:00,BREAKOUT,-0.09065550906555087,0.003719200371919973,-0.1431892143189215,-0.023985119131077037,-0.06667038993447383
MANAUSDT,SAGAUSDT,1784538000000,2026-07-20T09:00:00+00:00,BREAKOUT,-0.011082325849165353,0.021157167530224452,-0.01899827288428324,0.022302521479791615,-0.03338484732895697
SANDUSDT,SAGAUSDT,1784930400000,2026-07-24T22:00:00+00:00,BREAKOUT,-0.03242397137745978,0.03622540250447215,-0.035554561717352384,-0.005883114230337938,-0.026540857147121844
STXUSDT,SAGAUSDT,1786086000000,2026-08-07T07:00:00+00:00,BREAKOUT,0.01685823754789273,0.026819923371647514,-0.016091954022988686,0.013907533026696672,0.002950704521196057
MANAUSDT,SAGAUSDT,1787313600000,2026-08-21T12:00:00+00:00,BREAKOUT,-0.0029000790930661102,0.07711573952016892,-0.07566569997363559,0.02483940431008902,-0.02773948340315513
KASUSDT,SAGAUSDT,1782954000000,2026-07-02T01:00:00+00:00,PRE_MOVE,0.002602472348731233,0.040013012361743705,-0.008458035133376729,0.04505070656691612,-0.04244823421818489
IMXUSDT,SAGAUSDT,1784149200000,2026-07-15T21:00:00+00:00,PRE_MOVE,-0.025365103766333608,0.031514219830899526,-0.03382013835511133,-0.0015802469135802744,-0.023784856852753333
POLUSDT,SAGAUSDT,1785664800000,2026-08-02T10:00:00+00:00,PRE_MOVE,0.033077134230030225,0.036096623661817206,-0.009470216854240987,0.013554047615655929,0.019523086614374296
FLOWUSDT,SAGAUSDT,1786957200000,2026-08-17T09:00:00+00:00,PRE_MOVE,0.06102433708681443,0.07083181983290965,-0.015619324373410848,0.1341615829331917,-0.07313724584637726
STXUSDT,SANDUSDT,1781478000000,2026-06-14T23:00:00+00:00,BREAKOUT,-0.02512820512820524,0.027692307692307683,-0.04051282051282057,-0.018708686632542992,-0.006419518495662246
ARBUSDT,SANDUSDT,1781935200000,2026-06-20T06:00:00+00:00,BREAKOUT,-0.05408611078163916,0.031194401613094724,-0.06227019333412398,-0.01262753099984304,-0.04145857978179612
GALAUSDT,SANDUSDT,1782997200000,2026-07-02T13:00:00+00:00,BREAKOUT,-0.017343485617597354,0.09813874788494048,-0.03976311336717442,0.013832201377728559,-0.031175686995325913
ENSUSDT,SANDUSDT,1787212800000,2026-08-20T08:00:00+00:00,BREAKOUT,0.31000231000231016,0.5241395241395241,-0.008547008547008517,0.06883536471186646,0.2411669452904437
POLUSDT,SANDUSDT,1779422400000,2026-05-22T04:00:00+00:00,PRE_MOVE,-0.016749513723795073,0.007456235141560352,-0.057812837691808894,-0.003387018019863408,-0.013362495703931665
POLUSDT,SANDUSDT,1779804000000,2026-05-26T14:00:00+00:00,PRE_MOVE,-0.0519761775852734,0.006280454791553813,-0.0659447753113156,-0.049533259792698736,-0.0024429177925746615
LDOUSDT,SANDUSDT,1780142400000,2026-05-30T12:00:00+00:00,PRE_MOVE,0.00933706816059754,0.042328042328042326,-0.01213818860877669,-0.0634795653088791,0.07281663346947664
POLUSDT,SANDUSDT,1781204400000,2026-06-11T19:00:00+00:00,PRE_MOVE,0.015180265654648917,0.03564651667118479,-0.009216589861751112,0.003298850357729588,0.011881415296919329
DYDXUSDT,SANDUSDT,1781506800000,2026-06-15T07:00:00+00:00,PRE_MOVE,-0.0423108218063466,0.047192839707079104,-0.06102522375915376,-0.017854340874710384,-0.024456480931636215
GALAUSDT,SANDUSDT,1782810000000,2026-06-30T09:00:00+00:00,PRE_MOVE,0.059523809523809534,0.06569664902998218,-0.03835978835978826,0.039395976659977405,0.02012783286383213
CHZUSDT,SANDUSDT,1784775600000,2026-07-23T03:00:00+00:00,PRE_MOVE,-0.03254237288135586,0.0006779661016949046,-0.05966101694915249,-0.016883346437735813,-0.01565902644362005
ENSUSDT,SANDUSDT,1787238000000,2026-08-20T15:00:00+00:00,PRE_MOVE,0.3057497181510713,0.48771138669673064,-0.003156708004509401,0.06482210164436908,0.24092761650670225
WIFUSDT,SEIUSDT,1778346000000,2026-05-09T17:00:00+00:00,BREAKOUT,-0.02582368655387357,0.08504007123775614,-0.042297417631344536,-0.00338137335017219,-0.02244231320370138
XLMUSDT,SEIUSDT,1779796800000,2026-05-26T12:00:00+00:00,BREAKOUT,0.3638671744504578,0.4969599786196299,-0.024253357386249674,-0.04979189067548295,0.41365906512594075
TIAUSDT,SEIUSDT,1781272800000,2026-06-12T14:00:00+00:00,BREAKOUT,0.132278292027471,0.14661092863541358,-0.04359510301582559,0.04035109659064262,0.09192719543682837
RENDERUSDT,SEIUSDT,1782356400000,2026-06-25T03:00:00+00:00,BREAKOUT,0.0038585209003214604,0.052733118971061144,-0.07009646302250805,-0.011246608680791192,0.015105129581112653
ETCUSDT,SEIUSDT,1783375200000,2026-07-06T22:00:00+00:00,BREAKOUT,-0.013335204941044343,0.005193711398090883,-0.045480067377877575,-0.016209643266404283,0.0028744383253599404
ALGOUSDT,SEIUSDT,1787212800000,2026-08-20T08:00:00+00:00,BREAKOUT,0.07066052227342556,0.23998582063098195,-0.003072196620583667,0.06883536471186646,0.0018251575615590987
CRVUSDT,SEIUSDT,1779440400000,2026-05-22T09:00:00+00:00,PRE_MOVE,-0.06537828947368418,0.013569078947368363,-0.09375,0.003820380019101899,-0.06919866949278608
ALGOUSDT,SEIUSDT,1779764400000,2026-05-26T03:00:00+00:00,PRE_MOVE,0.04136690647482011,0.07553956834532372,-0.07553956834532372,-0.04384501950958519,0.0852119259844053
WIFUSDT,SEIUSDT,1782374400000,2026-06-25T08:00:00+00:00,PRE_MOVE,0.1376571806750495,0.22038385175380548,-0.09463931171409667,-0.02182490792135705,0.15948208859640656
ETCUSDT,SEIUSDT,1783666800000,2026-07-10T07:00:00+00:00,PRE_MOVE,-0.011077971878994508,0.012924300525493537,-0.03351796619798331,-0.015688886595649265,0.004610914716654757
GALAUSDT,SEIUSDT,1785798000000,2026-08-03T23:00:00+00:00,PRE_MOVE,-0.002762430939226568,0.008839779005524795,-0.035911602209944715,0.012643077175056527,-0.015405508114283095
GALAUSDT,SEIUSDT,1786352400000,2026-08-10T09:00:00+00:00,PRE_MOVE,-0.08273579702151124,0.008825151682294585,-0.11472697186982894,-0.018233445383586067,-0.06450235163792517
POLUSDT,SEIUSDT,1787238000000,2026-08-20T15:00:00+00:00,PRE_MOVE,0.3058394160583944,0.47992700729927007,-0.14428223844282229,0.06482210164436908,0.2410173144140253
ENSUSDT,SNXUSDT,1778248800000,2026-05-08T14:00:00+00:00,BREAKOUT,0.10219747140276936,0.22366044551475017,-0.010084286574352785,0.010024415086426375,0.09217305631634298
KASUSDT,SNXUSDT,1779717600000,2026-05-25T14:00:00+00:00,BREAKOUT,-0.08921161825726143,0.011262596324836949,-0.09780675755779489,-0.06023579877543239,-0.028975819481829035
KASUSDT,SNXUSDT,1781521200000,2026-06-15T11:00:00+00:00,BREAKOUT,-0.06493506493506496,0.05164602839021426,-0.07701600724856539,-0.03402072758037222,-0.030914337354692734
ATOMUSDT,SNXUSDT,1783900800000,2026-07-13T00:00:00+00:00,BREAKOUT,-0.01654996817313814,0.01400381922342464,-0.03564608529598989,0.008002585811142104,-0.024552553984280245
SANDUSDT,SNXUSDT,1784592000000,2026-07-21T00:00:00+00:00,BREAKOUT,-0.03410526315789486,0.020421052631578895,-0.04610526315789465,-0.008938203112960341,-0.02516706004493452
THETAUSDT,SNXUSDT,1787169600000,2026-08-19T20:00:00+00:00,BREAKOUT,0.2916383412644459,0.3929299796057104,-0.0006798096532971698,0.12046754308052754,0.17117079818391834
GRTUSDT,SNXUSDT,1779282000000,2026-05-20T13:00:00+00:00,PRE_MOVE,0.06176826806620905,0.1130399677028664,-0.0028259991925716488,-0.025845056643770792,0.08761332470997985
MINAUSDT,SNXUSDT,1780938000000,2026-06-08T17:00:00+00:00,PRE_MOVE,-0.03436581505765324,0.00700881754465299,-0.10241917250734789,0.0014956107759542814,-0.03586142583360752
GRTUSDT,SNXUSDT,1784505600000,2026-07-20T00:00:00+00:00,PRE_MOVE,0.007921998781230899,0.03168799512492382,-0.020109689213894,0.023212348510677883,-0.015290349729446984
POLUSDT,SNXUSDT,1784786400000,2026-07-23T06:00:00+00:00,PRE_MOVE,-0.02687286094562047,0.003549245785270605,-0.048041576879198855,-0.02059358425380753,-0.006279276691812941
MANAUSDT,SNXUSDT,1785751200000,2026-08-03T10:00:00+00:00,PRE_MOVE,-0.0025683638011785304,0.03338872941531967,-0.004079166037165627,0.02998622202944401,-0.03255458583062254
STXUSDT,SNXUSDT,1786086000000,2026-08-07T07:00:00+00:00,PRE_MOVE,0.01685823754789273,0.026819923371647514,-0.016091954022988686,0.013907533026696672,0.002950704521196057
SUIUSDT,SOLUSDT,1778511600000,2026-05-11T15:00:00+00:00,BREAKOUT,-0.04793608521970705,0.03986841074645575,-0.07785697501370714,-0.0019397224194566132,-0.045996362800250434
ETHUSDT,SOLUSDT,1782745200000,2026-06-29T15:00:00+00:00,BREAKOUT,0.07397371286752596,0.0921315876111124,-0.01919619115151816,0.02982933167447599,0.044144381193049975
XRPUSDT,SOLUSDT,1787371200000,2026-08-22T04:00:00+00:00,BREAKOUT,-0.08934480476505613,0.02340412730882635,-0.1674387822634017,0.024162144868348223,-0.11350694963340435
XRPUSDT,SOLUSDT,1787634000000,2026-08-25T05:00:00+00:00,BREAKOUT,-0.06450763559768302,0.000987361769352102,-0.10676671932596116,-0.013034368855292522,-0.0514732667423905
ZECUSDT,SOLUSDT,1778320800000,2026-05-09T10:00:00+00:00,PRE_MOVE,-0.09682287002951617,0.02593440122044255,-0.1024939475342419,0.0050017013013397005,-0.10182457133085587
ZECUSDT,SOLUSDT,1779303600000,2026-05-20T19:00:00+00:00,PRE_MOVE,-0.09148269645654161,0.01425953837515137,-0.15477140408428647,-0.02165512053236751,-0.0698275759241741
ZECUSDT,SOLUSDT,1781503200000,2026-06-15T06:00:00+00:00,PRE_MOVE,-0.06514900996088235,0.09747146832278086,-0.08222768883332654,-0.026121660863880347,-0.039027349097002006
ETHUSDT,SOLUSDT,1782936000000,2026-07-01T20:00:00+00:00,PRE_MOVE,0.10458781406336004,0.1180439178534547,-0.012967577963156396,0.051723535489839545,0.052864278573520496
ZECUSDT,SOLUSDT,1784480400000,2026-07-19T17:00:00+00:00,PRE_MOVE,-0.06464078374455728,0.011719883889695026,-0.08271044992743115,0.02289987600743948,-0.08754065975199676
XRPUSDT,SOLUSDT,1785690000000,2026-08-02T17:00:00+00:00,PRE_MOVE,-0.010817307692307487,0.010447485207100593,-0.025517751479289807,0.022975772641147252,-0.03379308033345474
ZECUSDT,SOLUSDT,1787140800000,2026-08-19T12:00:00+00:00,PRE_MOVE,0.5539864035685762,0.6757504334106004,-0.008824045035744299,0.19177949128317096,0.36220691228540525
SANDUSDT,STXUSDT,1778641200000,2026-05-13T03:00:00+00:00,BREAKOUT,-0.07588678778890112,0.01631442343344469,-0.09516747002842663,-0.02678499971065218,-0.04910178807824894
SAGAUSDT,STXUSDT,1781470800000,2026-06-14T21:00:00+00:00,BREAKOUT,0.053763440860215006,0.13287250384024563,-0.029185867895545337,-0.01616006274086923,0.06992350360108424
IMXUSDT,STXUSDT,1783836000000,2026-07-12T06:00:00+00:00,BREAKOUT,-0.016553799849510775,0.0338600451467268,-0.04890895410082752,0.016570242292718973,-0.03312404214222975
GRTUSDT,STXUSDT,1787184000000,2026-08-20T00:00:00+00:00,BREAKOUT,0.16690442225392288,0.30171184022824526,-0.015691868758915817,0.11412311155498478,0.0527813106989381
TAOUSDT,STXUSDT,1787482800000,2026-08-23T11:00:00+00:00,BREAKOUT,0.03602566939588403,0.08993140075237904,-0.008585970347422034,0.01483388532394958,0.02119178407193445
DYDXUSDT,STXUSDT,1779138000000,2026-05-18T21:00:00+00:00,PRE_MOVE,0.14054451802796186,0.182487122884474,-0.002207505518763808,0.007436762860564716,0.13310775516739715
GRTUSDT,STXUSDT,1780297200000,2026-06-01T07:00:00+00:00,PRE_MOVE,-0.1375892149088026,0.022204599524187296,-0.1649484536082474,-0.12661299520034752,-0.010976219708455082
MANAUSDT,STXUSDT,1782136800000,2026-06-22T14:00:00+00:00,PRE_MOVE,-0.1362397820163489,0.013623978201634745,-0.16485013623978206,-0.08460188165006244,-0.05163790036628646
ENSUSDT,STXUSDT,1782932400000,2026-07-01T19:00:00+00:00,PRE_MOVE,0.05935295548528363,0.07467769399172952,-0.012405740695694556,0.05446833333333334,0.004884622151950291
RENDERUSDT,STXUSDT,1785301200000,2026-07-29T05:00:00+00:00,PRE_MOVE,-0.006451612903225934,0.02508960573476693,-0.027956989247311825,-0.016324382897730194,0.00987276999450426
MANAUSDT,STXUSDT,1785686400000,2026-08-02T16:00:00+00:00,PRE_MOVE,0.004957932692307931,0.027644230769230838,-0.00961538461538447,0.02332698951528389,-0.01836905682297596
GRTUSDT,STXUSDT,1786359600000,2026-08-10T11:00:00+00:00,PRE_MOVE,-0.07849829351535831,0.005460750853242269,-0.10102389078498297,-0.025179115666322582,-0.053319177849035726
DYDXUSDT,STXUSDT,1787169600000,2026-08-19T20:00:00+00:00,PRE_MOVE,0.11233885819521183,0.23664825046040505,-0.011970534069981498,0.12046754308052754,-0.008128684885315707
XRPUSDT,SUIUSDT,1778428800000,2026-05-10T16:00:00+00:00,BREAKOUT,-0.03363457226336897,0.02452945573146703,-0.04165251070190934,-0.027898159178841087,-0.0057364130845278805
ADAUSDT,SUIUSDT,1781521200000,2026-06-15T11:00:00+00:00,BREAKOUT,-0.108108108108108,0.02648648648648666,-0.11621621621621614,-0.03402072758037222,-0.07408738052773578
NEARUSDT,SUIUSDT,1784559600000,2026-07-20T15:00:00+00:00,BREAKOUT,-0.05098435133770829,0.04139323573952547,-0.06663301362948015,-0.0096034625538165,-0.04138088878389179
ADAUSDT,SUIUSDT,1787220000000,2026-08-20T10:00:00+00:00,BREAKOUT,0.1657894736842105,0.3621052631578945,-0.0015789473684210131,0.06677299515686697,0.09901647852734352
ADAUSDT,SUIUSDT,1783749600000,2026-07-11T06:00:00+00:00,PRE_MOVE,-0.04853205512282799,0.04493708807669261,-0.0695026962252846,-0.024718516452785333,-0.023813538670042655
NEARUSDT,SUIUSDT,1784113200000,2026-07-15T11:00:00+00:00,PRE_MOVE,-0.08373435996150147,0.013474494706448459,-0.09961501443695853,-0.010419194065602877,-0.07331516589589859
NEARUSDT,SUIUSDT,1784592000000,2026-07-21T00:00:00+00:00,PRE_MOVE,-0.051603206412825675,0.03356713426853708,-0.0736472945891784,-0.008938203112960341,-0.042665003299865334
BNBUSDT,SUIUSDT,1786183200000,2026-08-08T10:00:00+00:00,PRE_MOVE,0.021966948810963283,0.02858390433964786,-0.00025191455058459766,-0.011931253327916225,0.03389820213887951
ADAUSDT,TAOUSDT,1778432400000,2026-05-10T17:00:00+00:00,BREAKOUT,-0.07984658298465819,0.006276150627615218,-0.08995815899581583,-0.024206332152526544,-0.055640250832131644
SUIUSDT,TAOUSDT,1781337600000,2026-06-13T08:00:00+00:00,BREAKOUT,0.059178585487468904,0.08699645715785342,-0.023356514893058677,0.04849023703341282,0.010688348454056085
AAVEUSDT,TAOUSDT,1787173200000,2026-08-19T21:00:00+00:00,BREAKOUT,0.30144086244428325,0.339069140665492,-0.016689126153208278,0.10300193298136895,0.1984389294629143
ADAUSDT,TAOUSDT,1787817600000,2026-08-27T08:00:00+00:00,BREAKOUT,-0.06663560111835976,0.01584342963653307,-0.07455731593662629,-0.020995248536177846,-0.04564035258218191
UNIUSDT,TAOUSDT,1785070800000,2026-07-26T13:00:00+00:00,PRE_MOVE,0.05338541666666674,0.06276041666666687,-0.043749999999999956,0.0022142349880138745,0.051171181678652866
ADAUSDT,TAOUSDT,1786244400000,2026-08-09T03:00:00+00:00,PRE_MOVE,-0.05398587285570122,0.007568113017154321,-0.07416750756811297,-0.014807208264488336,-0.039178664591212886
ENSUSDT,THETAUSDT,1778256000000,2026-05-08T16:00:00+00:00,BREAKOUT,0.10038667459845318,0.20910172516359316,-0.004759071980963703,0.022039973072145003,0.07834670152630818
KASUSDT,THETAUSDT,1778565600000,2026-05-12T06:00:00+00:00,BREAKOUT,-0.059815950920245387,0.00664621676891608,-0.07004089979550099,-0.005532788656363197,-0.05428316226388219
SAGAUSDT,THETAUSDT,1783087200000,2026-07-03T14:00:00+00:00,BREAKOUT,0.012463343108504388,0.0923753665689151,-0.013929618768328433,-0.0019825273683720113,0.014445870476876399
SNXUSDT,THETAUSDT,1783350000000,2026-07-06T15:00:00+00:00,BREAKOUT,-0.01158129175946554,0.028953229398663627,-0.05523385300668149,-0.01082598298886539,-0.0007553087706001493
ETCUSDT,THETAUSDT,1783774800000,2026-07-11T13:00:00+00:00,BREAKOUT,-0.009197679354747468,0.007782651761709225,-0.037781236734116375,-0.006402040679665877,-0.002795638675081591
STXUSDT,THETAUSDT,1785981600000,2026-08-06T02:00:00+00:00,BREAKOUT,0.004552352048558417,0.019726858877086473,-0.025796661608497806,0.0038326522139220387,0.0007196998346363781
SAGAUSDT,THETAUSDT,1786762800000,2026-08-15T03:00:00+00:00,BREAKOUT,0.023682200152788546,0.04430863254392681,-0.019098548510313118,0.017723222005924022,0.005958978146864524
MANAUSDT,THETAUSDT,1787256000000,2026-08-20T20:00:00+00:00,BREAKOUT,0.09350057012542745,0.164623717217788,-0.004703534777651064,0.06522987121154755,0.0282706989138799
EGLDUSDT,THETAUSDT,1780923600000,2026-06-08T13:00:00+00:00,PRE_MOVE,-0.03807615230460937,0.014028056112224352,-0.07849031396125594,-0.010585273836090647,-0.02749087846851872
EGLDUSDT,THETAUSDT,1781535600000,2026-06-15T15:00:00+00:00,PRE_MOVE,-0.11902500791389681,0.0009496676163343043,-0.12060778727445387,-0.07302319010832947,-0.046001817805567335
RUNEUSDT,THETAUSDT,1783328400000,2026-07-06T09:00:00+00:00,PRE_MOVE,-0.04409603135717788,0.006859382655560964,-0.08917197452229297,0.004443976209403289,-0.04854000756658117
RUNEUSDT,THETAUSDT,1783710000000,2026-07-10T19:00:00+00:00,PRE_MOVE,0.011758819114335628,0.04053039779834866,-0.005003752814610962,-0.025702499514870025,0.03746131862920565
SANDUSDT,THETAUSDT,1786035600000,2026-08-06T17:00:00+00:00,PRE_MOVE,0.014393754574286488,0.02927543303244695,-0.003903391070992912,0.009087516703286225,0.005306237871000263
SANDUSDT,THETAUSDT,1786363200000,2026-08-10T12:00:00+00:00,PRE_MOVE,-0.06960667461263403,0.0028605482717520836,-0.09845053635280099,-0.01803100944966174,-0.051575665162972295
STXUSDT,THETAUSDT,1787076000000,2026-08-18T18:00:00+00:00,PRE_MOVE,0.46437552388935455,0.4694048616932105,-0.0083822296730931,0.1910689214715644,0.27330660241779015
BCHUSDT,TIAUSDT,1778256000000,2026-05-08T16:00:00+00:00,BREAKOUT,-0.0018893087352743754,0.0340075572349412,-0.005890197821738163,0.022039973072145003,-0.023929281807419378
ATOMUSDT,TIAUSDT,1778637600000,2026-05-13T02:00:00+00:00,BREAKOUT,-0.10715935334872984,0.03140877598152425,-0.11362586605080827,-0.023503389983226097,-0.08365596336550374
ENAUSDT,TIAUSDT,1779742800000,2026-05-25T21:00:00+00:00,BREAKOUT,-0.11563745019920324,0.03575697211155382,-0.14900398406374504,-0.0458296267946543,-0.06980782340454894
HBARUSDT,TIAUSDT,1781589600000,2026-06-16T06:00:00+00:00,BREAKOUT,-0.03834951456310676,0.028883495145630933,-0.04599514563106799,-0.05332769130686188,0.014978176743755123
DASHUSDT,TIAUSDT,1787234400000,2026-08-20T14:00:00+00:00,BREAKOUT,0.3311648079306071,0.4770755885997522,-0.0009293680297398632,0.07495448714287911,0.256210320787728
TRXUSDT,TIAUSDT,1782568800000,2026-06-27T14:00:00+00:00,PRE_MOVE,-0.013381577716085835,0.012508188028322875,-0.013506347671480734,-0.035159905527250124,0.02177832781116429
INJUSDT,TIAUSDT,1783072800000,2026-07-03T10:00:00+00:00,PRE_MOVE,0.00682241058507338,0.02315484804630974,-0.05085796981600155,0.014720472606347679,-0.007898062021274299
INJUSDT,TIAUSDT,1783558800000,2026-07-09T01:00:00+00:00,PRE_MOVE,0.017459987528580356,0.07108709208064834,-0.018499272500519526,0.035936020374194966,-0.01847603284561461
ETCUSDT,TIAUSDT,1785780000000,2026-08-03T18:00:00+00:00,PRE_MOVE,-0.022067714631197055,0.0037787182587667445,-0.047611850060459426,0.008667590917279533,-0.030735305548476588
WIFUSDT,TIAUSDT,1787169600000,2026-08-19T20:00:00+00:00,PRE_MOVE,0.39721254355400726,0.6020905923344948,-0.0006968641114981633,0.12046754308052754,0.2767450004734797
SUIUSDT,TONUSDT,1779724800000,2026-05-25T16:00:00+00:00,BREAKOUT,-0.12501181139563444,0.004630067088727152,-0.14768969101389018,-0.05508111899812729,-0.06993069239750715
SUIUSDT,TONUSDT,1780329600000,2026-06-01T16:00:00+00:00,BREAKOUT,-0.10585021625313007,0.008763942636011768,-0.15058046892783983,-0.11194517016901573,0.006094953915885659
INJUSDT,TONUSDT,1782190800000,2026-06-23T05:00:00+00:00,BREAKOUT,-0.048470486859112594,0.0004308487720809939,-0.133993968117191,-0.05444509492347571,0.005974608064363118
UNIUSDT,TRXUSDT,1779354000000,2026-05-21T09:00:00+00:00,BREAKOUT,-0.04149377593361003,0.01853388658367905,-0.09903181189488242,-0.007796713266526423,-0.03369706266708361
ATOMUSDT,TRXUSDT,1785826800000,2026-08-04T07:00:00+00:00,BREAKOUT,-0.01603498542274051,0.017492711370262315,-0.034256559766764005,0.009775941821837275,-0.025810927244577786
AAVEUSDT,TRXUSDT,1786431600000,2026-08-11T07:00:00+00:00,BREAKOUT,-0.015901657832412264,0.01894665614074653,-0.029096650501860832,-0.017859903766415663,0.0019582459340033997
ARBUSDT,TRXUSDT,1787220000000,2026-08-20T10:00:00+00:00,BREAKOUT,0.12117793072323146,0.2376170596863365,-0.014554891120388103,0.06677299515686697,0.0544049355663645
APTUSDT,TRXUSDT,1778302800000,2026-05-09T05:00:00+00:00,PRE_MOVE,-0.0014258978700650848,0.1041796631316283,-0.03671687015417535,0.01064838904836729,-0.012074286918432375
UNIUSDT,TRXUSDT,1778763600000,2026-05-14T13:00:00+00:00,PRE_MOVE,-0.016772064888644467,0.048941435248831544,-0.05334066538355786,-0.018778346717147287,0.0020062818285028206
AAVEUSDT,TRXUSDT,1779375600000,2026-05-21T15:00:00+00:00,PRE_MOVE,-0.030953456845910443,0.013330320831450582,-0.06845910528694088,-0.011403146418938137,-0.019550310426972306
DASHUSDT,TRXUSDT,1779703200000,2026-05-25T10:00:00+00:00,PRE_MOVE,-0.1648868005126014,0.013028620247757416,-0.16616830414352846,-0.05322322580645167,-0.11166357470614974
UNIUSDT,TRXUSDT,1780329600000,2026-06-01T16:00:00+00:00,PRE_MOVE,-0.09989875126560932,0.013499831252109296,-0.13398582517718538,-0.11194517016901573,0.012046418903406408
LTCUSDT,TRXUSDT,1781485200000,2026-06-15T01:00:00+00:00,PRE_MOVE,-0.00421286031042134,0.02749445676274953,-0.016629711751662946,-0.014686344158600817,0.010473483848179477
TIAUSDT,TRXUSDT,1781744400000,2026-06-18T01:00:00+00:00,PRE_MOVE,-0.06441020459712044,0.01010356150543057,-0.07527153321545843,-0.0046434566163832125,-0.05976674798073722
JTOUSDT,TRXUSDT,1782140400000,2026-06-22T15:00:00+00:00,PRE_MOVE,0.04147538388475547,0.1377236029760962,-0.04400823175558022,-0.08134489569188996,0.12282027957664543
LTCUSDT,TRXUSDT,1782403200000,2026-06-25T16:00:00+00:00,PRE_MOVE,0.062190287413280476,0.07408325074331024,-0.008919722497522264,0.006273193441738156,0.05591709397154232
INJUSDT,TRXUSDT,1782666000000,2026-06-28T17:00:00+00:00,PRE_MOVE,0.035496515679442675,0.0618466898954706,-0.025261324041811806,0.01022880486523059,0.025267710814212085
LTCUSDT,TRXUSDT,1783119600000,2026-07-03T23:00:00+00:00,PRE_MOVE,0.0006696428571428825,0.029910714285714457,-0.02410714285714277,0.023305176175368203,-0.02263553331822532
BCHUSDT,TRXUSDT,1784430000000,2026-07-19T03:00:00+00:00,PRE_MOVE,0.026480963943739333,0.03894259403491085,-0.04013377926421413,0.02303251977219456,0.0034484441715447733
HBARUSDT,TRXUSDT,1784714400000,2026-07-22T10:00:00+00:00,PRE_MOVE,-0.01931690929451302,0.042553191489361764,-0.023656215005599113,-0.029941135660640827,0.010624226366127809
XLMUSDT,TRXUSDT,1785272400000,2026-07-28T21:00:00+00:00,PRE_MOVE,-0.01148765077541647,0.011085582998276777,-0.03819643882825974,-0.016034376803163775,0.004546726027747305
LTCUSDT,TRXUSDT,1785787200000,2026-08-03T20:00:00+00:00,PRE_MOVE,0.022711940634135397,0.030357544411963255,-0.009894310771306425,0.010160628271265848,0.012551312362869549
AAVEUSDT,TRXUSDT,1786438800000,2026-08-11T09:00:00+00:00,PRE_MOVE,-0.028609895658027518,0.013687871648154326,-0.034107483451138676,-0.02360106407803242,-0.005008831579995099
DASHUSDT,UNIUSDT,1778256000000,2026-05-08T16:00:00+00:00,BREAKOUT,-0.054526958290946115,0.07487283825025437,-0.06917599186164802,0.022039973072145003,-0.07656693136309112
ICPUSDT,UNIUSDT,1781510400000,2026-06-15T08:00:00+00:00,BREAKOUT,-0.09069212410501182,0.03301511535401769,-0.0998408910103421,-0.019047575506820236,-0.07164454859819158
AVAXUSDT,UNIUSDT,1782997200000,2026-07-02T13:00:00+00:00,BREAKOUT,0.013797152502568633,0.04388668721561717,-0.014677821811243108,0.013832201377728559,-3.5048875159926496e-05
LINKUSDT,UNIUSDT,1783486800000,2026-07-08T05:00:00+00:00,BREAKOUT,0.04151483602290473,0.04320666319625199,-0.02173347214992194,0.024400371803021015,0.017114464219883718
TAOUSDT,UNIUSDT,1784786400000,2026-07-23T06:00:00+00:00,BREAKOUT,0.01327885597548506,0.021450459652706755,-0.04713993871297251,-0.02059358425380753,0.03387244022929259
ADAUSDT,UNIUSDT,1785474000000,2026-07-31T05:00:00+00:00,BREAKOUT,0.09597156398104256,0.13803317535545023,-0.013625592417061627,-0.0238519361337014,0.11982350011474396
AVAXUSDT,UNIUSDT,1787169600000,2026-08-19T20:00:00+00:00,BREAKOUT,0.1283159463487331,0.2415797317436661,-0.0026825633383009695,0.12046754308052754,0.007848403268205573
NEARUSDT,UNIUSDT,1787868000000,2026-08-27T22:00:00+00:00,BREAKOUT,-0.039999999999999925,0.009743589743589798,-0.08820512820512816,-0.023358902832994133,-0.01664109716700579
ARBUSDT,UNIUSDT,1781190000000,2026-06-11T15:00:00+00:00,PRE_MOVE,0.01995043370508065,0.076827757125155,-0.01127633209417589,0.02031373812002668,-0.0003633044149460307
INJUSDT,UNIUSDT,1781524800000,2026-06-15T12:00:00+00:00,PRE_MOVE,-0.039179787623580986,0.11827169534968873,-0.051629439765653595,-0.032806992491939524,-0.006372795131641462
FILUSDT,UNIUSDT,1782990000000,2026-07-02T11:00:00+00:00,PRE_MOVE,-0.003831417624521105,0.04342273307790534,-0.02171136653895278,0.021211790161603572,-0.025043207786124677
ADAUSDT,UNIUSDT,1785078000000,2026-07-26T15:00:00+00:00,PRE_MOVE,-0.014510278113663788,0.010882708585247869,-0.07376058041112443,-0.012256386173486455,-0.0022538919401773327
NEARUSDT,UNIUSDT,1785380400000,2026-07-30T03:00:00+00:00,PRE_MOVE,0.0497848801475107,0.05224339274738776,-0.006760909649661917,-0.010872548102410673,0.060657428249921375
LINKUSDT,UNIUSDT,1786294800000,2026-08-09T17:00:00+00:00,PRE_MOVE,0.05510768860546267,0.07026831909517495,-0.018168692094814087,-0.026390977443609076,0.08149866604907174
ATOMUSDT,WIFUSDT,1781521200000,2026-06-15T11:00:00+00:00,BREAKOUT,-0.09018435475834585,0.007972097658196287,-0.10712506228201302,-0.03402072758037222,-0.05616362717797363
ENAUSDT,WIFUSDT,1782568800000,2026-06-27T14:00:00+00:00,BREAKOUT,-0.09998729513403637,0.09325371617329425,-0.10633972811586845,-0.035159905527250124,-0.06482738960678625
TIAUSDT,WIFUSDT,1787166000000,2026-08-19T19:00:00+00:00,BREAKOUT,0.1843088418430885,0.31942714819427165,-0.012764632627646266,0.13183858862261166,0.052470253220476826
FILUSDT,WIFUSDT,1787634000000,2026-08-25T05:00:00+00:00,BREAKOUT,-0.08418300653594768,0.00248366013071899,-0.10379084967320262,-0.013034368855292522,-0.07114863768065516
SEIUSDT,WIFUSDT,1779462000000,2026-05-22T15:00:00+00:00,PRE_MOVE,-0.017303759635048044,0.009910335063709086,-0.08777725342142517,0.010822536202145683,-0.028126295837193727
HBARUSDT,WIFUSDT,1779818400000,2026-05-26T18:00:00+00:00,PRE_MOVE,0.053748558246828004,0.10219146482122277,-0.05767012687427919,-0.03270265066088485,0.08645120890771285
ATOMUSDT,WIFUSDT,1781524800000,2026-06-15T12:00:00+00:00,PRE_MOVE,-0.091224590976698,0.0024789291026277027,-0.11155180961824485,-0.032806992491939524,-0.05841759848475847
OPUSDT,WIFUSDT,1782511200000,2026-06-26T22:00:00+00:00,PRE_MOVE,-0.050047214353163394,0.0047214353163360645,-0.06893295561850799,0.005316002166395828,-0.05536321651955922
ICPUSDT,WIFUSDT,1783972800000,2026-07-13T20:00:00+00:00,PRE_MOVE,-0.011100832562442209,0.03931544865864933,-0.013876040703052595,0.03073048426083913,-0.04183131682328134
ETCUSDT,WIFUSDT,1785002400000,2026-07-25T18:00:00+00:00,PRE_MOVE,0.0038863976083707286,0.07593423019431977,-0.008819133034379645,-0.010569734467646308,0.014456132076017036
LDOUSDT,WIFUSDT,1786338000000,2026-08-10T05:00:00+00:00,PRE_MOVE,-0.0020415107179312386,0.02143586253827845,-0.03708744470908476,-0.019544789310334765,0.017503278592403526
TRXUSDT,XLMUSDT,1779890400000,2026-05-27T14:00:00+00:00,BREAKOUT,-0.07051766994488273,0.004214849238084906,-0.08378363773911157,-0.014662529816388381,-0.05585514012849435
ENAUSDT,XLMUSDT,1781528400000,2026-06-15T13:00:00+00:00,BREAKOUT,0.03307830783078303,0.1058730873087308,-0.057605760576057596,-0.03701958115246318,0.0700978889832462
DOGEUSDT,XLMUSDT,1781791200000,2026-06-18T14:00:00+00:00,BREAKOUT,-0.005009541984732913,0.005248091603053284,-0.02457061068702282,0.005266202705690004,-0.010275744690422917
ENAUSDT,XLMUSDT,1782867600000,2026-07-01T01:00:00+00:00,BREAKOUT,0.09653155035520244,0.11756512049031875,-0.018804847471792785,0.06312891863871828,0.033402631716484166
AAVEUSDT,XLMUSDT,1787238000000,2026-08-20T15:00:00+00:00,BREAKOUT,0.44149155335805523,0.4674495261639886,-0.010403790688092385,0.06482210164436908,0.37666945171368615
INJUSDT,XLMUSDT,1778292000000,2026-05-09T02:00:00+00:00,PRE_MOVE,0.049988481916608984,0.10389311218613217,-0.057820778622437285,0.010503961223799152,0.03948452069280983
LTCUSDT,XLMUSDT,1785520800000,2026-07-31T18:00:00+00:00,PRE_MOVE,-0.01580939657091951,0.0024493431307059943,-0.029614785125807175,0.012219158359087157,-0.028028554930006666
LTCUSDT,XLMUSDT,1786338000000,2026-08-10T05:00:00+00:00,PRE_MOVE,-0.009024873431653035,0.004842615012106588,-0.018269865727492784,-0.019544789310334765,0.01051991587868173
DOTUSDT,XLMUSDT,1787162400000,2026-08-19T18:00:00+00:00,PRE_MOVE,0.2017067494181537,0.33553141970519773,-0.00181018877682948,0.1304228891746282,0.07128386024352551
TAOUSDT,XRPUSDT,1781492400000,2026-06-15T03:00:00+00:00,BREAKOUT,-0.10888397549748086,0.058392837725180335,-0.12378121715176327,-0.024883640110661354,-0.0840003353868195
ZECUSDT,XRPUSDT,1783173600000,2026-07-04T14:00:00+00:00,BREAKOUT,0.008625869024118105,0.022959402626383962,-0.06136812290790494,0.01379565642656444,-0.005169787402446335
ZECUSDT,XRPUSDT,1784606400000,2026-07-21T04:00:00+00:00,BREAKOUT,-0.07003507233669448,0.015599883092211053,-0.0957913195966682,-0.003241508408378113,-0.06679356392831637
ZECUSDT,XRPUSDT,1787151600000,2026-08-19T15:00:00+00:00,BREAKOUT,0.43429131998691983,0.5628383533771752,-0.01055480870544645,0.12363459649727049,0.31065672348964934
ZECUSDT,XRPUSDT,1778436000000,2026-05-10T18:00:00+00:00,PRE_MOVE,-0.08137619508550265,0.018306247558883992,-0.10336746650364259,-0.020683177591952373,-0.06069301749355027
DOGEUSDT,XRPUSDT,1782759600000,2026-06-29T19:00:00+00:00,PRE_MOVE,0.004196561527006759,0.022742656017327834,-0.059699472045485424,0.01726886423116958,-0.01307230270416282
ZECUSDT,XRPUSDT,1784095200000,2026-07-15T06:00:00+00:00,PRE_MOVE,-0.029606270835210502,0.060996486169925035,-0.057140282908370144,-0.012820928398217468,-0.016785342436993034
BCHUSDT,XRPUSDT,1784509200000,2026-07-20T01:00:00+00:00,PRE_MOVE,0.03480639532141683,0.06951846436824982,-0.011885110597557036,0.01856344251153752,0.016242952809879307
ZECUSDT,XRPUSDT,1785693600000,2026-08-02T18:00:00+00:00,PRE_MOVE,0.09548088064889937,0.10755293374065111,-0.008490466659643925,0.022072400503754475,0.0734084801451449
SOLUSDT,ZECUSDT,1779307200000,2026-05-20T20:00:00+00:00,BREAKOUT,0.010449320794148509,0.021943573667711602,-0.05538140020898641,-0.005570317045916928,0.016019637840065437
SOLUSDT,ZECUSDT,1781517600000,2026-06-15T10:00:00+00:00,BREAKOUT,-0.006681514476614803,0.0587416481069043,-0.017399777282850803,-0.02784713294588881,0.021165618469274006
SOLUSDT,ZECUSDT,1783872000000,2026-07-12T16:00:00+00:00,BREAKOUT,0.001032124887111241,0.019352341633337655,-0.04451038575667654,0.014695978599088333,-0.013663853711977092
XRPUSDT,ZECUSDT,1787173200000,2026-08-19T21:00:00+00:00,BREAKOUT,0.28523460280993196,0.5030485110895115,-0.03923301228240694,0.10300193298136895,0.182232669828563
DOGEUSDT,ZECUSDT,1778846400000,2026-05-15T12:00:00+00:00,PRE_MOVE,-0.0684487291849255,8.764241893088887e-05,-0.0929009640666082,-0.034225307063232235,-0.03422342212169327
SOLUSDT,ZECUSDT,1779105600000,2026-05-18T12:00:00+00:00,PRE_MOVE,0.0022217025257249556,0.01929373246024335,-0.024438727782974623,-0.004586346116425388,0.006808048642150344
SOLUSDT,ZECUSDT,1780419600000,2026-06-02T17:00:00+00:00,PRE_MOVE,-0.15266380096391818,0.0033867396118276716,-0.17767357040510612,-0.09900542495479203,-0.05365837600912615
SOLUSDT,ZECUSDT,1780725600000,2026-06-06T06:00:00+00:00,PRE_MOVE,0.0780119028470323,0.09634872124819038,-0.016728325558951207,0.041262559279139355,0.036749343567892945
SOLUSDT,ZECUSDT,1781488800000,2026-06-15T02:00:00+00:00,PRE_MOVE,0.02185253066403492,0.07232482729451561,-0.0029606654448048886,-0.01187541361438993,0.03372794427842485
DOGEUSDT,ZECUSDT,1782759600000,2026-06-29T19:00:00+00:00,PRE_MOVE,0.004196561527006759,0.022742656017327834,-0.059699472045485424,0.01726886423116958,-0.01307230270416282
XRPUSDT,ZECUSDT,1783018800000,2026-07-02T19:00:00+00:00,PRE_MOVE,0.0459070796460177,0.09126106194690253,-0.006084070796460117,0.0210162320491436,0.0248908475968741
DOGEUSDT,ZECUSDT,1783411200000,2026-07-07T08:00:00+00:00,PRE_MOVE,-0.007488633324418403,0.012302754747258726,-0.051216902915217966,0.0180327868852459,-0.025521420209664303
SOLUSDT,ZECUSDT,1783674000000,2026-07-10T09:00:00+00:00,PRE_MOVE,-0.03295870690743785,0.005682535673696254,-0.04811213537062764,-0.01998744569642208,-0.012971261211015772
SOLUSDT,ZECUSDT,1784088000000,2026-07-15T04:00:00+00:00,PRE_MOVE,-0.03719379248428889,0.013338463511607168,-0.05963832243170453,-0.012008003275471801,-0.02518578920881709
XRPUSDT,ZECUSDT,1785704400000,2026-08-02T21:00:00+00:00,PRE_MOVE,-0.01979559893195848,0.006260933615689135,-0.029555289568179766,0.018094713656387595,-0.037890312588346076
XRPUSDT,ZECUSDT,1786291200000,2026-08-09T16:00:00+00:00,PRE_MOVE,-0.033726166522947354,0.0037367059499855415,-0.05279294816518165,-0.026720507448860897,-0.007005659074086457
XRPUSDT,ZECUSDT,1786946400000,2026-08-17T06:00:00+00:00,PRE_MOVE,0.10511137629276046,0.12947494033412865,-0.017501988862370754,0.09752314440126297,0.007588231891497488
XRPUSDT,ZECUSDT,1787205600000,2026-08-20T06:00:00+00:00,PRE_MOVE,0.29973904436245835,0.5306397912354901,-0.0035094034014218067,0.08979965291499847,0.20993939144745988
FLOWUSDT,ZETAUSDT,1781524800000,2026-06-15T12:00:00+00:00,BREAKOUT,0.029054054054054035,0.08817567567567575,-0.017229729729729693,-0.032806992491939524,0.06186104654599356
EGLDUSDT,ZETAUSDT,1786024800000,2026-08-06T14:00:00+00:00,BREAKOUT,-0.03632478632478631,0.009615384615384581,-0.08404558404558393,0.007553877945641885,-0.04387866427042819
MINAUSDT,ZETAUSDT,1787155200000,2026-08-19T16:00:00+00:00,BREAKOUT,0.3281853281853282,0.5004826254826256,-0.00024131274131267144,0.1295953424413312,0.198589985743997
FLOWUSDT,ZETAUSDT,1778198400000,2026-05-08T00:00:00+00:00,PRE_MOVE,0.00795180722891553,0.06891566265060223,-0.0303614457831326,0.02047969762933266,-0.01252789040041713
FLOWUSDT,ZETAUSDT,1779321600000,2026-05-21T00:00:00+00:00,PRE_MOVE,-0.024390243902439046,0.024390243902439046,-0.09146341463414642,-0.01432840877156294,-0.010061835130876107
MINAUSDT,ZETAUSDT,1780264800000,2026-05-31T22:00:00+00:00,PRE_MOVE,-0.052698068940624454,0.0259880887926367,-0.08391987005955603,-0.12224815168056713,0.06955008273994268
MINAUSDT,ZETAUSDT,1781085600000,2026-06-10T10:00:00+00:00,PRE_MOVE,0.03926764635027702,0.048662972777643976,-0.04360395085521562,0.04014337384943145,-0.0008757274991544328
FLOWUSDT,ZETAUSDT,1781481600000,2026-06-15T00:00:00+00:00,PRE_MOVE,0.04752066115702469,0.1091597796143251,-0.019972451790633672,-0.017663901060199882,0.06518456221722457
FLOWUSDT,ZETAUSDT,1783227600000,2026-07-05T05:00:00+00:00,PRE_MOVE,-0.059402460456941975,0.0035149384885764245,-0.06537785588752199,-0.001635935736107319,-0.057766524720834656
MINAUSDT,ZETAUSDT,1784296800000,2026-07-17T14:00:00+00:00,PRE_MOVE,-0.019329037991557496,0.023994667851588547,-0.043545878693623696,0.019804410658431415,-0.03913344864998891
MINAUSDT,ZETAUSDT,1784728800000,2026-07-22T14:00:00+00:00,PRE_MOVE,-0.042437431991294905,0.018498367791077275,-0.05505984766050054,-0.02421309346786238,-0.018224338523432526
MINAUSDT,ZETAUSDT,1785416400000,2026-07-30T13:00:00+00:00,PRE_MOVE,-0.042988019732205784,0.0011745360582571251,-0.05708245243128951,-0.029246460161333254,-0.01374155957087253
MINAUSDT,ZETAUSDT,1786305600000,2026-08-09T20:00:00+00:00,PRE_MOVE,-0.07824612403100772,0.0031492248062017225,-0.08333333333333326,-0.023660006050916782,-0.05458611798009094
